event_id,source_mat_id,ena_accession_number_run_metag
BPNS_So_210726,EMOBON_BPNS_So_5,ERR13955095
BPNS_So_210726,EMOBON_BPNS_So_6,ERR13955096
BPNS_So_210825,EMOBON_BPNS_So_13,ERR13955097
NRMCB_So_210621,EMOBON_NRMCB_So_1,ERR13954860
NRMCB_So_210621,EMOBON_NRMCB_So_2,ERR13954861
NRMCB_So_210831,EMOBON_NRMCB_So_6,ERR13954862
NRMCB_So_210831,EMOBON_NRMCB_So_7,ERR13954863
NRMCB_So_210831,EMOBON_NRMCB_So_10,ERR13954864
OOB_So_210608,EMOBON_OOB_So_1,ERR13954264
RFormosa_So_210805,EMOBON_RFormosa_So_1,ERR13954642
RFormosa_So_210805,EMOBON_RFormosa_So_2,ERR13954643
ROSKOGO_So_210826,EMOBON_ROSKOGO_So_1,ERR13954819
ROSKOGO_So_210826,EMOBON_ROSKOGO_So_2,ERR13954820
AAOT_Wa_210622,EMOBON_AAOT_Wa_6,ERR13954267
AAOT_Wa_210622,EMOBON_AAOT_Wa_7,ERR13954268
AAOT_Wa_210622,EMOBON_AAOT_Wa_1,ERR13954265
AAOT_Wa_210622,EMOBON_AAOT_Wa_2,ERR13954266
AAOT_Wa_210809,EMOBON_AAOT_Wa_26,ERR13954270
AAOT_Wa_210809,EMOBON_AAOT_Wa_27,ERR13954271
AAOT_Wa_210809,EMOBON_AAOT_Wa_22,ERR13954269
BPNS_Wa_210701,EMOBON_BPNS_Wa_7,ERR13955089
BPNS_Wa_210701,EMOBON_BPNS_Wa_6,ERR13955090
BPNS_Wa_210701,EMOBON_BPNS_Wa_1,ERR13955087
BPNS_Wa_210701,EMOBON_BPNS_Wa_2,ERR13955088
BPNS_Wa_210825,EMOBON_BPNS_Wa_26,ERR13955093
BPNS_Wa_210825,EMOBON_BPNS_Wa_27,ERR13955094
BPNS_Wa_210825,EMOBON_BPNS_Wa_21,ERR13955091
BPNS_Wa_210825,EMOBON_BPNS_Wa_22,ERR13955092
EMT21_Wa_210825,EMOBON_EMT21_Wa_6,ERR13954259
EMT21_Wa_210825,EMOBON_EMT21_Wa_7,ERR13954260
EMT21_Wa_210825,EMOBON_EMT21_Wa_1,ERR13954257
EMT21_Wa_210825,EMOBON_EMT21_Wa_2,ERR13954258
ESC68N_Wa_210830,EMOBON_ESC68N_Wa_3,ERR13954068
ESC68N_Wa_210830,EMOBON_ESC68N_Wa_4,ERR13954069
ESC68N_Wa_210830,EMOBON_ESC68N_Wa_1,ERR13954066
ESC68N_Wa_210830,EMOBON_ESC68N_Wa_2,ERR13954067
HCMR-1_Wa_210628,EMOBON_HCMR-1_Wa_5,ERR13954280
HCMR-1_Wa_210628,EMOBON_HCMR-1_Wa_6,ERR13954281
HCMR-1_Wa_210628,EMOBON_HCMR-1_Wa_1,ERR13954279
HCMR-1_Wa_210917,EMOBON_HCMR-1_Wa_23,ERR13954283
HCMR-1_Wa_210917,EMOBON_HCMR-1_Wa_21,ERR13954282
IUIEilat1_Wa_210829,EMOBON_IUIEilat_Wa_1,ERR13954273
IUIEilat1_Wa_210829,EMOBON_IUIEilat_Wa_2,ERR13954274
IUIEilat1_Wa_210829,EMOBON_IUIEilat_Wa_5,ERR13954275
IUIEilat1_Wa_210829,EMOBON_IUIEilat_Wa_6,ERR13954276
NRMCB_Wa_210621,EMOBON_NRMCB_Wa_1,ERR13954852
NRMCB_Wa_210621,EMOBON_NRMCB_Wa_2,ERR13954853
NRMCB_Wa_210831,EMOBON_NRMCB_Wa_28,ERR13954857
NRMCB_Wa_210831,EMOBON_NRMCB_Wa_29,ERR13954858
NRMCB_Wa_210831,EMOBON_NRMCB_Wa_32,ERR13954859
NRMCB_Wa_210831,EMOBON_NRMCB_Wa_23,ERR13954854
NRMCB_Wa_210831,EMOBON_NRMCB_Wa_24,ERR13954855
NRMCB_Wa_210831,EMOBON_NRMCB_Wa_27,ERR13954856
OSD74_Wa_210831,EMOBON_OSD74_Wa_2,ERR13954255
OSD74_Wa_210831,EMOBON_OSD74_Wa_4,ERR13954256
OSD74_Wa_210831,EMOBON_OSD74_Wa_1,ERR13954254
PiEGetxo_Wa_210824,EMOBON_PiEGetxo_Wa_3,ERR13954730
PiEGetxo_Wa_210824,EMOBON_PiEGetxo_Wa_4,ERR13954731
PiEGetxo_Wa_210824,EMOBON_PiEGetxo_Wa_6,ERR13954733
PiEGetxo_Wa_210824,EMOBON_PiEGetxo_Wa_1,ERR13954728
PiEGetxo_Wa_210824,EMOBON_PiEGetxo_Wa_2,ERR13954729
PiEGetxo_Wa_210824,EMOBON_PiEGetxo_Wa_5,ERR13954732
RFormosa_Wa_210805,EMOBON_RFormosa_Wa_5,ERR13954640
RFormosa_Wa_210805,EMOBON_RFormosa_Wa_6,ERR13954641
RFormosa_Wa_210805,EMOBON_RFormosa_Wa_1,ERR13954638
RFormosa_Wa_210805,EMOBON_RFormosa_Wa_2,ERR13954639
ROSKOGO_Wa_210618,EMOBON_ROSKOGO_Wa_1,ERR13954813
ROSKOGO_Wa_210618,EMOBON_ROSKOGO_Wa_2,ERR13954814
ROSKOGO_Wa_210802,EMOBON_ROSKOGO_Wa_17,ERR13954817
ROSKOGO_Wa_210802,EMOBON_ROSKOGO_Wa_18,ERR13954818
ROSKOGO_Wa_210802,EMOBON_ROSKOGO_Wa_13,ERR13954815
ROSKOGO_Wa_210802,EMOBON_ROSKOGO_Wa_14,ERR13954816
VB_Wa_210621,EMOBON_VB_Wa_4,ERR13954736
VB_Wa_210621,EMOBON_VB_Wa_5,ERR13954737
VB_Wa_210621,EMOBON_VB_Wa_1,ERR13954734
VB_Wa_210621,EMOBON_VB_Wa_2,ERR13954735
VB_Wa_210823,EMOBON_VB_Wa_43,ERR13954740
VB_Wa_210823,EMOBON_VB_Wa_44,ERR13930537
VB_Wa_210823,EMOBON_VB_Wa_41,ERR13954738
VB_Wa_210823,EMOBON_VB_Wa_42,ERR13954739
AAOT_Wa_211015,EMOBON_AAOT_Wa_41,ERR14888796
AAOT_Wa_211015,EMOBON_AAOT_Wa_42,ERR14888797
AAOT_Wa_211015,EMOBON_AAOT_Wa_46,ERR14888798
AAOT_Wa_211015,EMOBON_AAOT_Wa_47,ERR14888799
AAOT_Wa_211214,EMOBON_AAOT_Wa_61,ERR14888800
AAOT_Wa_211214,EMOBON_AAOT_Wa_62,ERR14888801
AAOT_Wa_211214,EMOBON_AAOT_Wa_66,ERR14888802
AAOT_Wa_211214,EMOBON_AAOT_Wa_67,ERR14888803
BPNS_So_211028,EMOBON_BPNS_So_17,ERR14888775
BPNS_So_211028,EMOBON_BPNS_So_18,ERR14888776
BPNS_So_211223,EMOBON_BPNS_So_33,ERR14888777
BPNS_So_211223,EMOBON_BPNS_So_34,ERR14888778
BPNS_Wa_211028,EMOBON_BPNS_Wa_41,ERR14888767
BPNS_Wa_211028,EMOBON_BPNS_Wa_42,ERR14888768
BPNS_Wa_211028,EMOBON_BPNS_Wa_46,ERR14888769
BPNS_Wa_211028,EMOBON_BPNS_Wa_47,ERR14888770
BPNS_Wa_211223,EMOBON_BPNS_Wa_61,ERR14888771
BPNS_Wa_211223,EMOBON_BPNS_Wa_62,ERR14888772
BPNS_Wa_211223,EMOBON_BPNS_Wa_66,ERR14888773
BPNS_Wa_211223,EMOBON_BPNS_Wa_67,ERR14888774
EMT21_Wa_211020,EMOBON_EMT21_Wa_16,ERR14888788
EMT21_Wa_211020,EMOBON_EMT21_Wa_17,ERR14888789
EMT21_Wa_211020,EMOBON_EMT21_Wa_21,ERR14888790
EMT21_Wa_211020,EMOBON_EMT21_Wa_22,ERR14888791
EMT21_Wa_211216,EMOBON_EMT21_Wa_31,ERR14888792
EMT21_Wa_211216,EMOBON_EMT21_Wa_32,ERR14888793
EMT21_Wa_211216,EMOBON_EMT21_Wa_36,ERR14888794
EMT21_Wa_211216,EMOBON_EMT21_Wa_37,ERR14888795
ESC68N_Wa_211104,EMOBON_ESC68N_Wa_11,ERR14888600
ESC68N_Wa_211104,EMOBON_ESC68N_Wa_14,ERR14888601
IUIEilat1_Wa_211018,EMOBON_IUIEilat_Wa_11,ERR14888678
IUIEilat1_Wa_211018,EMOBON_IUIEilat_Wa_12,ERR14888679
IUIEilat1_Wa_211018,EMOBON_IUIEilat_Wa_15,ERR14888680
IUIEilat1_Wa_211018,EMOBON_IUIEilat_Wa_16,ERR14888681
IUIEilat1_Wa_211219,EMOBON_IUIEilat_Wa_21,ERR14888682
IUIEilat1_Wa_211219,EMOBON_IUIEilat_Wa_22,ERR14888683
IUIEilat1_Wa_211219,EMOBON_IUIEilat_Wa_25,ERR14888684
IUIEilat1_Wa_211219,EMOBON_IUIEilat_Wa_26,ERR14888685
MBAL4_Wa_211103,EMOBON_MBAL4_Wa_1,ERR14888759
MBAL4_Wa_211216,EMOBON_MBAL4_Wa_11,ERR14888763
MBAL4_Wa_211216,EMOBON_MBAL4_Wa_12,ERR14888764
MBAL4_Wa_211216,EMOBON_MBAL4_Wa_13,ERR14888765
MBAL4_Wa_211216,EMOBON_MBAL4_Wa_14,ERR14888766
MBAL4_Wa_211103,EMOBON_MBAL4_Wa_2,ERR14888760
MBAL4_Wa_211103,EMOBON_MBAL4_Wa_3,ERR14888761
MBAL4_Wa_211103,EMOBON_MBAL4_Wa_4,ERR14888762
NRMCB_So_211026,EMOBON_NRMCB_So_11,ERR14888966
NRMCB_So_211026,EMOBON_NRMCB_So_12,ERR14888967
NRMCB_So_211221,EMOBON_NRMCB_So_16,ERR14888968
NRMCB_So_211221,EMOBON_NRMCB_So_17,ERR14888969
NRMCB_Wa_211026,EMOBON_NRMCB_Wa_43,ERR14888958
NRMCB_Wa_211026,EMOBON_NRMCB_Wa_44,ERR14888959
NRMCB_Wa_211026,EMOBON_NRMCB_Wa_48,ERR14888960
NRMCB_Wa_211026,EMOBON_NRMCB_Wa_49,ERR14888961
NRMCB_Wa_211221,EMOBON_NRMCB_Wa_63,ERR14888962
NRMCB_Wa_211221,EMOBON_NRMCB_Wa_64,ERR14888963
NRMCB_Wa_211221,EMOBON_NRMCB_Wa_68,ERR14888964
NRMCB_Wa_211221,EMOBON_NRMCB_Wa_69,ERR14888965
OOB_So_211209,EMOBON_OOB_So_25,ERR14888714
OOB_So_211209,EMOBON_OOB_So_26,ERR14888715
OSD74_Wa_211028,EMOBON_OSD74_Wa_11,ERR14888849
OSD74_Wa_211028,EMOBON_OSD74_Wa_12,ERR14888850
OSD74_Wa_211028,EMOBON_OSD74_Wa_13,ERR14888851
OSD74_Wa_211028,EMOBON_OSD74_Wa_14,ERR14888852
OSD74_Wa_211218,EMOBON_OSD74_Wa_21,ERR14888853
OSD74_Wa_211218,EMOBON_OSD74_Wa_22,ERR14888854
OSD74_Wa_211218,EMOBON_OSD74_Wa_23,ERR14888855
OSD74_Wa_211218,EMOBON_OSD74_Wa_24,ERR14888856
PiEGetxo_Wa_211027,EMOBON_PiEGetxo_Wa_12,ERR14888779
PiEGetxo_Wa_211027,EMOBON_PiEGetxo_Wa_13,ERR14888780
PiEGetxo_Wa_211027,EMOBON_PiEGetxo_Wa_14,ERR14888781
PiEGetxo_Wa_211027,EMOBON_PiEGetxo_Wa_15,ERR14888782
PiEGetxo_Wa_211222,EMOBON_PiEGetxo_Wa_48,ERR14888783
PiEGetxo_Wa_211222,EMOBON_PiEGetxo_Wa_49,ERR14888784
PiEGetxo_Wa_211222,EMOBON_PiEGetxo_Wa_50,ERR14888785
PiEGetxo_Wa_211222,EMOBON_PiEGetxo_Wa_51,ERR14888786
RFormosa_So_211220,EMOBON_RFormosa_So_11,ERR14888981
RFormosa_So_211220,EMOBON_RFormosa_So_12,ERR14888982
RFormosa_So_211022,EMOBON_RFormosa_So_6,ERR14888979
RFormosa_So_211022,EMOBON_RFormosa_So_7,ERR14888980
RFormosa_Wa_211022,EMOBON_RFormosa_Wa_11,ERR14888970
RFormosa_Wa_211022,EMOBON_RFormosa_Wa_12,ERR14888972
RFormosa_Wa_211022,EMOBON_RFormosa_Wa_15,ERR14888973
RFormosa_Wa_211022,EMOBON_RFormosa_Wa_16,ERR14888974
RFormosa_Wa_211220,EMOBON_RFormosa_Wa_21,ERR14888975
RFormosa_Wa_211220,EMOBON_RFormosa_Wa_22,ERR14888976
RFormosa_Wa_211220,EMOBON_RFormosa_Wa_25,ERR14888977
RFormosa_Wa_211220,EMOBON_RFormosa_Wa_26,ERR14888978
ROSKOGO_So_211119,EMOBON_ROSKOGO_So_16,ERR14888905
ROSKOGO_So_211119,EMOBON_ROSKOGO_So_17,ERR14888906
ROSKOGO_So_211222,EMOBON_ROSKOGO_So_61,ERR14888907
ROSKOGO_So_211222,EMOBON_ROSKOGO_So_62,ERR14888908
ROSKOGO_Wa_211014,EMOBON_ROSKOGO_Wa_23,ERR14888897
ROSKOGO_Wa_211014,EMOBON_ROSKOGO_Wa_24,ERR14888898
ROSKOGO_Wa_211014,EMOBON_ROSKOGO_Wa_27,ERR14888899
ROSKOGO_Wa_211014,EMOBON_ROSKOGO_Wa_28,ERR14888900
ROSKOGO_Wa_211213,EMOBON_ROSKOGO_Wa_33,ERR14888901
ROSKOGO_Wa_211213,EMOBON_ROSKOGO_Wa_34,ERR14888902
ROSKOGO_Wa_211213,EMOBON_ROSKOGO_Wa_37,ERR14888903
ROSKOGO_Wa_211213,EMOBON_ROSKOGO_Wa_38,ERR14888904
VB_Wa_211217,EMOBON_VB_Wa_137,ERR14888808
VB_Wa_211217,EMOBON_VB_Wa_138,ERR14888809
VB_Wa_211217,EMOBON_VB_Wa_140,ERR14888810
VB_Wa_211217,EMOBON_VB_Wa_141,ERR14888811
VB_Wa_211018,EMOBON_VB_Wa_93,ERR14888804
VB_Wa_211018,EMOBON_VB_Wa_94,ERR14888805
VB_Wa_211018,EMOBON_VB_Wa_96,ERR14888806
VB_Wa_211018,EMOBON_VB_Wa_97,ERR14888807
