source_mat_id_orig,samp_description,tax_id,scientific_name,investigation_type,env_material,collection_date,sampling_event,sampl_person,sampl_person_orcid,tidal_stage,comm_samp,noteworthy_env_cond,replicate,size_frac_low,size_frac_up,depth,samp_collect_device,samp_mat_process,samp_mat_process_dev,samp_store_date,samp_store_loc,samp_store_temp,store_person,store_person_orcid,other_person,other_person_orcid,long_store,samp_size_mass,ship_date,arr_date_hq,store_temp_hq,ship_date_seq,arr_date_seq,seq_batch,failure,failure_comment,ENA_accession_number_sample,source_mat_id
EMOBON-210701-330-SoSOP3-Meio-R1,EMOBON mimarks-specimen sediment sample from station BPNS collected on 2021-07-01 community collected meio,https://www.ncbi.nlm.nih.gov/taxonomy/browser/wwwtax.cgi?id=33208,Metazoa,mimarks-specimen,http://purl.obolibrary.org/obo/ENVO_00002007,2021-07-01,BPNS_So_210701,Lara Macheriotou,https://orcid.org/0000-0002-5662-5689,ebb_tide,meio,,1,32,,23.09,Van Veen Grab,SoSOP3,,2021-07-01,"UGent MarBiol Freezer #4, Box#61",-20,Lara Macheriotou,https://orcid.org/0000-0002-5662-5689,Annelien Rigaux,,false,340,2021-12-01,2021-12-03,-20,2022-07-18,2023-07-18,batch_3,,,,EMOBON_BPNS_So_1
EMOBON-210701-330-SoSOP3-Meio-R2,EMOBON mimarks-specimen sediment sample from station BPNS collected on 2021-07-01 community collected meio,https://www.ncbi.nlm.nih.gov/taxonomy/browser/wwwtax.cgi?id=33208,Metazoa,mimarks-specimen,http://purl.obolibrary.org/obo/ENVO_00002007,2021-07-01,BPNS_So_210701,Lara Macheriotou,https://orcid.org/0000-0002-5662-5689,ebb_tide,meio,,2,32,,23.09,Van Veen Grab,SoSOP3,,2021-07-01,"UGent MarBiol Freezer #4, Box#61",-20,Lara Macheriotou,https://orcid.org/0000-0002-5662-5689,Annelien Rigaux,,false,470,2021-12-01,2021-12-03,-20,2022-07-18,2023-07-18,batch_3,,,,EMOBON_BPNS_So_2
EMOBON-210701-330-SoSOP3-Meio-R3,EMOBON mimarks-specimen sediment sample from station BPNS collected on 2021-07-01 community collected meio,https://www.ncbi.nlm.nih.gov/taxonomy/browser/wwwtax.cgi?id=33208,Metazoa,mimarks-specimen,http://purl.obolibrary.org/obo/ENVO_00002007,2021-07-01,BPNS_So_210701,Lara Macheriotou,https://orcid.org/0000-0002-5662-5689,ebb_tide,meio,,3,32,,23.09,Van Veen Grab,SoSOP3,,2021-07-01,"UGent MarBiol Freezer #4, Box#61",-20,Lara Macheriotou,https://orcid.org/0000-0002-5662-5689,Annelien Rigaux,,true,405,,,,,,,,,,EMOBON_BPNS_So_3
EMOBON-210701-330-SoSOP3-Meio-R4,EMOBON mimarks-specimen sediment sample from station BPNS collected on 2021-07-01 community collected meio,https://www.ncbi.nlm.nih.gov/taxonomy/browser/wwwtax.cgi?id=33208,Metazoa,mimarks-specimen,http://purl.obolibrary.org/obo/ENVO_00002007,2021-07-01,BPNS_So_210701,Lara Macheriotou,https://orcid.org/0000-0002-5662-5689,ebb_tide,meio,,4,32,,23.09,Van Veen Grab,SoSOP3,,2021-07-01,"UGent MarBiol Freezer #4, Box#61",-20,Lara Macheriotou,https://orcid.org/0000-0002-5662-5689,Annelien Rigaux,,true,300,,,,,,,,,,EMOBON_BPNS_So_4
EMOBON-210726-330-SoSOP3-Micro-R1,EMOBON metagenome sediment sample from station BPNS collected on 2021-07-26 community collected micro,https://www.ncbi.nlm.nih.gov/taxonomy/browser/wwwtax.cgi?id=412755,marine sediment metagenome,metagenome,http://purl.obolibrary.org/obo/ENVO_00002007,2021-07-26,BPNS_So_210726,Jonas Mortelmans,https://orcid.org/0000-0002-8781-7915,flood_tide,micro,,1,,,22.94,Van Veen Grab,SoSOP3,,2021-07-26,MSO LifeWatch Lab -80 Freezer,-80,Jonas Mortelmans,https://orcid.org/0000-0002-8781-7915,,,false,,2021-10-05,2021-10-08,-70,2021-11-24,2021-11-24,batch_1,false,,https://identifiers.org/ena.embl:ERS16590019,EMOBON_BPNS_So_5
EMOBON-210726-330-SoSOP3-Micro-R2,EMOBON metagenome sediment sample from station BPNS collected on 2021-07-26 community collected micro,https://www.ncbi.nlm.nih.gov/taxonomy/browser/wwwtax.cgi?id=412755,marine sediment metagenome,metagenome,http://purl.obolibrary.org/obo/ENVO_00002007,2021-07-26,BPNS_So_210726,Jonas Mortelmans,https://orcid.org/0000-0002-8781-7915,flood_tide,micro,,2,,,22.94,Van Veen Grab,SoSOP3,,2021-07-26,MSO LifeWatch Lab -80 Freezer,-80,Jonas Mortelmans,https://orcid.org/0000-0002-8781-7915,,,false,,2021-10-05,2021-10-08,-70,2021-11-24,2021-11-24,batch_1,false,,https://identifiers.org/ena.embl:ERS16590020,EMOBON_BPNS_So_6
EMOBON-210726-330-SoSOP3-Micro-R3,EMOBON metagenome sediment sample from station BPNS collected on 2021-07-26 community collected micro,https://www.ncbi.nlm.nih.gov/taxonomy/browser/wwwtax.cgi?id=412755,marine sediment metagenome,metagenome,http://purl.obolibrary.org/obo/ENVO_00002007,2021-07-26,BPNS_So_210726,Jonas Mortelmans,https://orcid.org/0000-0002-8781-7915,flood_tide,micro,,3,,,22.94,Van Veen Grab,SoSOP3,,2021-07-26,MSO LifeWatch Lab -80 Freezer,-80,Jonas Mortelmans,https://orcid.org/0000-0002-8781-7915,,,true,,,,,,,,,,,EMOBON_BPNS_So_7
EMOBON-210726-330-SoSOP3-Micro-R4,EMOBON metagenome sediment sample from station BPNS collected on 2021-07-26 community collected micro,https://www.ncbi.nlm.nih.gov/taxonomy/browser/wwwtax.cgi?id=412755,marine sediment metagenome,metagenome,http://purl.obolibrary.org/obo/ENVO_00002007,2021-07-26,BPNS_So_210726,Jonas Mortelmans,https://orcid.org/0000-0002-8781-7915,flood_tide,micro,,4,,,22.94,Van Veen Grab,SoSOP3,,2021-07-26,MSO LifeWatch Lab -80 Freezer,-80,Jonas Mortelmans,https://orcid.org/0000-0002-8781-7915,,,true,,,,,,,,,,,EMOBON_BPNS_So_8
EMOBON-210726-330-SoSOP3-Micro-B1,EMOBON metagenome sediment sample from station BPNS collected on 2021-07-26 community collected micro,https://www.ncbi.nlm.nih.gov/taxonomy/browser/wwwtax.cgi?id=256318,metagenome,metagenome,http://purl.obolibrary.org/obo/ENVO_00002007,2021-07-26,BPNS_So_210726,Jonas Mortelmans,https://orcid.org/0000-0002-8781-7915,,micro,,blank_1,,,22.94,,SoSOP3,,2021-07-26,MSO LifeWatch Lab -80 Freezer,-80,Jonas Mortelmans,https://orcid.org/0000-0002-8781-7915,,,false,,,,,,,,,,,EMOBON_BPNS_So_9
EMOBON-210726-330-SoSOP3-Micro-B2,EMOBON metagenome sediment sample from station BPNS collected on 2021-07-26 community collected micro,https://www.ncbi.nlm.nih.gov/taxonomy/browser/wwwtax.cgi?id=256318,metagenome,metagenome,http://purl.obolibrary.org/obo/ENVO_00002007,2021-07-26,BPNS_So_210726,Jonas Mortelmans,https://orcid.org/0000-0002-8781-7915,,micro,,blank_2,,,22.94,,SoSOP3,,2021-07-26,MSO LifeWatch Lab -80 Freezer,-80,Jonas Mortelmans,https://orcid.org/0000-0002-8781-7915,,,false,,,,,,,,,,,EMOBON_BPNS_So_10
EMOBON-210825-330-SoSOP3-Micro-R1,EMOBON metagenome sediment sample from station BPNS collected on 2021-08-25 community collected micro,https://www.ncbi.nlm.nih.gov/taxonomy/browser/wwwtax.cgi?id=412755,marine sediment metagenome,metagenome,http://purl.obolibrary.org/obo/ENVO_00002007,2021-08-25,BPNS_So_210825,Sander Delacauw,https://orcid.org/0000-0002-5400-2891,ebb_tide,micro,,1,,,20.54,Van Veen Grab,SoSOP3,Tube broke,,,,,,,,,,,,,,,,true,tube broke,,EMOBON_BPNS_So_11
EMOBON-210825-330-SoSOP3-Micro-R2,EMOBON metagenome sediment sample from station BPNS collected on 2021-08-25 community collected micro,https://www.ncbi.nlm.nih.gov/taxonomy/browser/wwwtax.cgi?id=412755,marine sediment metagenome,metagenome,http://purl.obolibrary.org/obo/ENVO_00002007,2021-08-25,BPNS_So_210825,Sander Delacauw,https://orcid.org/0000-0002-5400-2891,ebb_tide,micro,,2,,,20.54,Van Veen Grab,SoSOP3,,2021-08-25,MSO LifeWatch Lab -80 Freezer,-80,Sander Delacauw,https://orcid.org/0000-0002-5400-2891,Rune Lagaisse,https://orcid.org/0000-0001-9191-9140,false,,2021-10-05,2021-10-08,-70,2021-11-24,2021-11-24,batch_1,true,low yields; seq library prep failed,,EMOBON_BPNS_So_12
EMOBON-210825-330-SoSOP3-Micro-R3,EMOBON metagenome sediment sample from station BPNS collected on 2021-08-25 community collected micro,https://www.ncbi.nlm.nih.gov/taxonomy/browser/wwwtax.cgi?id=412755,marine sediment metagenome,metagenome,http://purl.obolibrary.org/obo/ENVO_00002007,2021-08-25,BPNS_So_210825,Sander Delacauw,https://orcid.org/0000-0002-5400-2891,ebb_tide,micro,,3,,,20.54,Van Veen Grab,SoSOP3,,2021-08-25,MSO LifeWatch Lab -80 Freezer,-80,Sander Delacauw,https://orcid.org/0000-0002-5400-2891,Rune Lagaisse,https://orcid.org/0000-0001-9191-9140,true,,2021-10-05,2021-10-08,-70,2021-11-24,2021-11-24,batch_1,false,,https://identifiers.org/ena.embl:ERS15538559,EMOBON_BPNS_So_13
EMOBON-210825-330-SoSOP3-Micro-R4,EMOBON metagenome sediment sample from station BPNS collected on 2021-08-25 community collected micro,https://www.ncbi.nlm.nih.gov/taxonomy/browser/wwwtax.cgi?id=412755,marine sediment metagenome,metagenome,http://purl.obolibrary.org/obo/ENVO_00002007,2021-08-25,BPNS_So_210825,Sander Delacauw,https://orcid.org/0000-0002-5400-2891,ebb_tide,micro,,4,,,20.54,Van Veen Grab,SoSOP3,,2021-08-25,MSO LifeWatch Lab -80 Freezer,-80,Sander Delacauw,https://orcid.org/0000-0002-5400-2891,Rune Lagaisse,https://orcid.org/0000-0001-9191-9140,true,,,,,,,,,,,EMOBON_BPNS_So_14
EMOBON-210825-330-SoSOP3-Micro-B1,EMOBON metagenome sediment sample from station BPNS collected on 2021-08-25 community collected micro,https://www.ncbi.nlm.nih.gov/taxonomy/browser/wwwtax.cgi?id=256318,metagenome,metagenome,http://purl.obolibrary.org/obo/ENVO_00002007,2021-08-25,BPNS_So_210825,Sander Delacauw,https://orcid.org/0000-0002-5400-2891,,micro,,blank_1,,,20.54,,SoSOP3,,2021-08-25,MSO LifeWatch Lab -80 Freezer,-80,Sander Delacauw,https://orcid.org/0000-0002-5400-2891,Rune Lagaisse,https://orcid.org/0000-0001-9191-9140,false,,,,,,,,,,,EMOBON_BPNS_So_15
EMOBON-210825-330-SoSOP3-Micro-B2,EMOBON metagenome sediment sample from station BPNS collected on 2021-08-25 community collected micro,https://www.ncbi.nlm.nih.gov/taxonomy/browser/wwwtax.cgi?id=256318,metagenome,metagenome,http://purl.obolibrary.org/obo/ENVO_00002007,2021-08-25,BPNS_So_210825,Sander Delacauw,https://orcid.org/0000-0002-5400-2891,,micro,,blank_2,,,20.54,,SoSOP3,,2021-08-25,MSO LifeWatch Lab -80 Freezer,-80,Sander Delacauw,https://orcid.org/0000-0002-5400-2891,Rune Lagaisse,https://orcid.org/0000-0001-9191-9140,false,,,,,,,,,,,EMOBON_BPNS_So_16
EMOBON-211028-BPNS-So3-Micro-R1,EMOBON metagenome sediment sample from station BPNS collected on 2021-10-28 community collected micro,https://www.ncbi.nlm.nih.gov/taxonomy/browser/wwwtax.cgi?id=412755,marine sediment metagenome,metagenome,http://purl.obolibrary.org/obo/ENVO_00002007,2021-10-28,BPNS_So_211028,Sander Delacauw,https://orcid.org/0000-0002-5400-2891,ebb_tide,micro,,1,,,18.66,Van Veen Grab,SoSOP3,,2021-10-28,MSO LifeWatch Lab -80 Freezer,-80,Sander Delacauw,https://orcid.org/0000-0002-5400-2891,Rune Lagaisse,https://orcid.org/0000-0001-9191-9140,false,,2022-01-10,2022-01-18,-70,2022-02-22,2022-02-23,batch_2,false,,https://identifiers.org/ena.embl:ERS20535373,EMOBON_BPNS_So_17
EMOBON-211028-BPNS-So3-Micro-R2,EMOBON metagenome sediment sample from station BPNS collected on 2021-10-28 community collected micro,https://www.ncbi.nlm.nih.gov/taxonomy/browser/wwwtax.cgi?id=412755,marine sediment metagenome,metagenome,http://purl.obolibrary.org/obo/ENVO_00002007,2021-10-28,BPNS_So_211028,Sander Delacauw,https://orcid.org/0000-0002-5400-2891,ebb_tide,micro,,2,,,18.66,Van Veen Grab,SoSOP3,,2021-10-28,MSO LifeWatch Lab -80 Freezer,-80,Sander Delacauw,https://orcid.org/0000-0002-5400-2891,Rune Lagaisse,https://orcid.org/0000-0001-9191-9140,false,,2022-01-10,2022-01-18,-70,2022-02-22,2022-02-23,batch_2,false,,https://identifiers.org/ena.embl:ERS20535374,EMOBON_BPNS_So_18
EMOBON-211028-BPNS-So3-Micro-R3,EMOBON metagenome sediment sample from station BPNS collected on 2021-10-28 community collected micro,https://www.ncbi.nlm.nih.gov/taxonomy/browser/wwwtax.cgi?id=412755,marine sediment metagenome,metagenome,http://purl.obolibrary.org/obo/ENVO_00002007,2021-10-28,BPNS_So_211028,Sander Delacauw,https://orcid.org/0000-0002-5400-2891,ebb_tide,micro,,3,,,18.66,Van Veen Grab,SoSOP3,,2021-10-28,MSO LifeWatch Lab -80 Freezer,-80,Sander Delacauw,https://orcid.org/0000-0002-5400-2891,Rune Lagaisse,https://orcid.org/0000-0001-9191-9140,true,,,,,,,,,,,EMOBON_BPNS_So_19
EMOBON-211028-BPNS-So3-Micro-R4,EMOBON metagenome sediment sample from station BPNS collected on 2021-10-28 community collected micro,https://www.ncbi.nlm.nih.gov/taxonomy/browser/wwwtax.cgi?id=412755,marine sediment metagenome,metagenome,http://purl.obolibrary.org/obo/ENVO_00002007,2021-10-28,BPNS_So_211028,Sander Delacauw,https://orcid.org/0000-0002-5400-2891,ebb_tide,micro,,4,,,18.66,Van Veen Grab,SoSOP3,,2021-10-28,MSO LifeWatch Lab -80 Freezer,-80,Sander Delacauw,https://orcid.org/0000-0002-5400-2891,Rune Lagaisse,https://orcid.org/0000-0001-9191-9140,true,,,,,,,,,,,EMOBON_BPNS_So_20
EMOBON-211028-BPNS-So3-Micro-B1,EMOBON metagenome sediment sample from station BPNS collected on 2021-10-28 community collected micro,https://www.ncbi.nlm.nih.gov/taxonomy/browser/wwwtax.cgi?id=256318,metagenome,metagenome,http://purl.obolibrary.org/obo/ENVO_00002007,2021-10-28,BPNS_So_211028,Sander Delacauw,https://orcid.org/0000-0002-5400-2891,,micro,,blank_1,,,18.66,,SoSOP3,,2021-10-28,MSO LifeWatch Lab -80 Freezer,-80,Sander Delacauw,https://orcid.org/0000-0002-5400-2891,Rune Lagaisse,https://orcid.org/0000-0001-9191-9140,false,,,,,,,,,,,EMOBON_BPNS_So_21
EMOBON-211028-BPNS-So3-Micro-B2,EMOBON metagenome sediment sample from station BPNS collected on 2021-10-28 community collected micro,https://www.ncbi.nlm.nih.gov/taxonomy/browser/wwwtax.cgi?id=256318,metagenome,metagenome,http://purl.obolibrary.org/obo/ENVO_00002007,2021-10-28,BPNS_So_211028,Sander Delacauw,https://orcid.org/0000-0002-5400-2891,,micro,,blank_2,,,18.66,,SoSOP3,,2021-10-28,MSO LifeWatch Lab -80 Freezer,-80,Sander Delacauw,https://orcid.org/0000-0002-5400-2891,Rune Lagaisse,https://orcid.org/0000-0001-9191-9140,false,,,,,,,,,,,EMOBON_BPNS_So_22
EMOBON-211028-BPNS-So3-Macro-R1,EMOBON mimarks-specimen sediment sample from station BPNS collected on 2021-10-28 community collected macro,https://www.ncbi.nlm.nih.gov/taxonomy/browser/wwwtax.cgi?id=33208,Metazoa,mimarks-specimen,http://purl.obolibrary.org/obo/ENVO_00002007,2021-10-28,BPNS_So_211028,Sander Delacauw,https://orcid.org/0000-0002-5400-2891,ebb_tide,macro,,1,,,19.42,Van Veen Grab,SoSOP3,,2021-10-28,MSO LifeWatch Lab -20 Freezer 3,-20,Sander Delacauw,https://orcid.org/0000-0002-5400-2891,Rune Lagaisse,https://orcid.org/0000-0001-9191-9140,false,,2022-01-10,2022-01-18,4,2023-10-17,2023-10-17,batch_3.2,,,,EMOBON_BPNS_So_23
EMOBON-211028-BPNS-So3-Macro-R2,EMOBON mimarks-specimen sediment sample from station BPNS collected on 2021-10-28 community collected macro,https://www.ncbi.nlm.nih.gov/taxonomy/browser/wwwtax.cgi?id=33208,Metazoa,mimarks-specimen,http://purl.obolibrary.org/obo/ENVO_00002007,2021-10-28,BPNS_So_211028,Sander Delacauw,https://orcid.org/0000-0002-5400-2891,ebb_tide,macro,,2,,,19.42,Van Veen Grab,SoSOP3,,2021-10-28,MSO LifeWatch Lab -20 Freezer 3,-20,Sander Delacauw,https://orcid.org/0000-0002-5400-2891,Rune Lagaisse,https://orcid.org/0000-0001-9191-9140,false,,2022-01-10,2022-01-18,4,2023-10-17,2023-10-17,batch_3.2,,,,EMOBON_BPNS_So_24
EMOBON-211028-BPNS-So3-Macro-R3,EMOBON mimarks-specimen sediment sample from station BPNS collected on 2021-10-28 community collected macro,https://www.ncbi.nlm.nih.gov/taxonomy/browser/wwwtax.cgi?id=33208,Metazoa,mimarks-specimen,http://purl.obolibrary.org/obo/ENVO_00002007,2021-10-28,BPNS_So_211028,Sander Delacauw,https://orcid.org/0000-0002-5400-2891,ebb_tide,macro,,3,,,19.42,Van Veen Grab,SoSOP3,,2021-10-28,MSO LifeWatch Lab -20 Freezer 3,-20,Sander Delacauw,https://orcid.org/0000-0002-5400-2891,Rune Lagaisse,https://orcid.org/0000-0001-9191-9140,true,,,,,,,,,,,EMOBON_BPNS_So_25
EMOBON-211028-BPNS-So3-Macro-R4,EMOBON mimarks-specimen sediment sample from station BPNS collected on 2021-10-28 community collected macro,https://www.ncbi.nlm.nih.gov/taxonomy/browser/wwwtax.cgi?id=33208,Metazoa,mimarks-specimen,http://purl.obolibrary.org/obo/ENVO_00002007,2021-10-28,BPNS_So_211028,Sander Delacauw,https://orcid.org/0000-0002-5400-2891,ebb_tide,macro,,4,,,19.42,Van Veen Grab,SoSOP3,,2021-10-28,MSO LifeWatch Lab -20 Freezer 3,-20,Sander Delacauw,https://orcid.org/0000-0002-5400-2891,Rune Lagaisse,https://orcid.org/0000-0001-9191-9140,true,,,,,,,,,,,EMOBON_BPNS_So_26
EMOBON-211028-BPNS-So3-Macro-B,EMOBON mimarks-specimen sediment sample from station BPNS collected on 2021-10-28 community collected macro,https://www.ncbi.nlm.nih.gov/taxonomy/browser/wwwtax.cgi?id=256318,metagenome,mimarks-specimen,http://purl.obolibrary.org/obo/ENVO_00002007,2021-10-28,BPNS_So_211028,Sander Delacauw,https://orcid.org/0000-0002-5400-2891,,macro,,blank_1,,,19.42,,SoSOP3,,2021-10-28,MSO LifeWatch Lab -20 Freezer 3,-20,Sander Delacauw,https://orcid.org/0000-0002-5400-2891,Rune Lagaisse,https://orcid.org/0000-0001-9191-9140,false,,,,,,,,,,,EMOBON_BPNS_So_27
EMOBON-211028-BPNS-SoSOP3-Meio-R1,EMOBON mimarks-specimen sediment sample from station BPNS collected on 2021-10-28 community collected meio,https://www.ncbi.nlm.nih.gov/taxonomy/browser/wwwtax.cgi?id=33208,Metazoa,mimarks-specimen,http://purl.obolibrary.org/obo/ENVO_00002007,2021-10-28,BPNS_So_211028,Lara Macheriotou,https://orcid.org/0000-0002-5662-5689,ebb_tide,meio,,1,32,,19.42,Van Veen Grab,SoSOP3,,2021-10-28,"UGent MarBiol Freezer #4, Box#61",-20,Lara Macheriotou,https://orcid.org/0000-0002-5662-5689,Annelien Rigaux,,false,170,2021-12-01,2021-12-03,-20,2022-07-18,2023-07-18,batch_3,,,,EMOBON_BPNS_So_28
EMOBON-211028-BPNS-SoSOP3-Meio-R2,EMOBON mimarks-specimen sediment sample from station BPNS collected on 2021-10-28 community collected meio,https://www.ncbi.nlm.nih.gov/taxonomy/browser/wwwtax.cgi?id=33208,Metazoa,mimarks-specimen,http://purl.obolibrary.org/obo/ENVO_00002007,2021-10-28,BPNS_So_211028,Lara Macheriotou,https://orcid.org/0000-0002-5662-5689,ebb_tide,meio,,2,32,,19.42,Van Veen Grab,SoSOP3,,2021-10-28,"UGent MarBiol Freezer #4, Box#61",-20,Lara Macheriotou,https://orcid.org/0000-0002-5662-5689,Annelien Rigaux,,false,272,2021-12-01,2021-12-03,-20,2022-07-18,2023-07-18,batch_3,,,,EMOBON_BPNS_So_29
EMOBON-211028-BPNS-SoSOP3-Meio-R3,EMOBON mimarks-specimen sediment sample from station BPNS collected on 2021-10-28 community collected meio,https://www.ncbi.nlm.nih.gov/taxonomy/browser/wwwtax.cgi?id=33208,Metazoa,mimarks-specimen,http://purl.obolibrary.org/obo/ENVO_00002007,2021-10-28,BPNS_So_211028,Lara Macheriotou,https://orcid.org/0000-0002-5662-5689,ebb_tide,meio,,3,32,,19.42,Van Veen Grab,SoSOP3,,2021-10-28,"UGent MarBiol Freezer #4, Box#61",-20,Lara Macheriotou,https://orcid.org/0000-0002-5662-5689,Annelien Rigaux,,true,334,,,,,,,,,,EMOBON_BPNS_So_30
EMOBON-211028-BPNS-SoSOP3-Meio-R4,EMOBON mimarks-specimen sediment sample from station BPNS collected on 2021-10-28 community collected meio,https://www.ncbi.nlm.nih.gov/taxonomy/browser/wwwtax.cgi?id=33208,Metazoa,mimarks-specimen,http://purl.obolibrary.org/obo/ENVO_00002007,2021-10-28,BPNS_So_211028,Lara Macheriotou,https://orcid.org/0000-0002-5662-5689,ebb_tide,meio,,4,32,,19.42,Van Veen Grab,SoSOP3,,2021-10-28,"UGent MarBiol Freezer #4, Box#61",-20,Lara Macheriotou,https://orcid.org/0000-0002-5662-5689,Annelien Rigaux,,true,228,,,,,,,,,,EMOBON_BPNS_So_31
EMOBON-211028-BPNS-SoSOP3-Meio-B,EMOBON mimarks-specimen sediment sample from station BPNS collected on 2021-10-28 community collected meio,https://www.ncbi.nlm.nih.gov/taxonomy/browser/wwwtax.cgi?id=256318,metagenome,mimarks-specimen,http://purl.obolibrary.org/obo/ENVO_00002007,2021-10-28,BPNS_So_211028,Lara Macheriotou,https://orcid.org/0000-0002-5662-5689,,meio,,blank_1,,,19.42,Van Veen Grab,SoSOP3,,2021-10-28,"UGent MarBiol Freezer #4, Box#61",-20,Lara Macheriotou,https://orcid.org/0000-0002-5662-5689,Annelien Rigaux,,false,,2021-12-01,2021-12-03,-20,2022-07-18,2023-07-18,batch_3,,,,EMOBON_BPNS_So_32
EMOBON-211223-BPNS-So3-Micro-R1,EMOBON metagenome sediment sample from station BPNS collected on 2021-12-23 community collected micro,https://www.ncbi.nlm.nih.gov/taxonomy/browser/wwwtax.cgi?id=412755,marine sediment metagenome,metagenome,http://purl.obolibrary.org/obo/ENVO_00002007,2021-12-23,BPNS_So_211223,Rune Lagaisse,https://orcid.org/0000-0001-9191-9140,ebb_tide,micro,,1,,,21.2,Van Veen Grab,SoSOP3,Problem with underway data,2021-12-23,MSO LifeWatch Lab -80 Freezer,-80,Sander Delacauw,https://orcid.org/0000-0002-5400-2891,Rune Lagaisse,https://orcid.org/0000-0001-9191-9140,false,,2022-01-10,2022-01-18,-70,2022-02-22,2022-02-23,batch_2,false,,https://identifiers.org/ena.embl:ERS20535375,EMOBON_BPNS_So_33
EMOBON-211223-BPNS-So3-Micro-R2,EMOBON metagenome sediment sample from station BPNS collected on 2021-12-23 community collected micro,https://www.ncbi.nlm.nih.gov/taxonomy/browser/wwwtax.cgi?id=412755,marine sediment metagenome,metagenome,http://purl.obolibrary.org/obo/ENVO_00002007,2021-12-23,BPNS_So_211223,Rune Lagaisse,https://orcid.org/0000-0001-9191-9140,ebb_tide,micro,,2,,,21.2,Van Veen Grab,SoSOP3,Problem with underway data,2021-12-23,MSO LifeWatch Lab -80 Freezer,-80,Sander Delacauw,https://orcid.org/0000-0002-5400-2891,Rune Lagaisse,https://orcid.org/0000-0001-9191-9140,false,,2022-01-10,2022-01-18,-70,2022-02-22,2022-02-23,batch_2,false,,https://identifiers.org/ena.embl:ERS20535376,EMOBON_BPNS_So_34
EMOBON-211223-BPNS-So3-Micro-R3,EMOBON metagenome sediment sample from station BPNS collected on 2021-12-23 community collected micro,https://www.ncbi.nlm.nih.gov/taxonomy/browser/wwwtax.cgi?id=412755,marine sediment metagenome,metagenome,http://purl.obolibrary.org/obo/ENVO_00002007,2021-12-23,BPNS_So_211223,Rune Lagaisse,https://orcid.org/0000-0001-9191-9140,ebb_tide,micro,,3,,,21.2,Van Veen Grab,SoSOP3,Problem with underway data,2021-12-23,MSO LifeWatch Lab -80 Freezer,-80,Sander Delacauw,https://orcid.org/0000-0002-5400-2891,Rune Lagaisse,https://orcid.org/0000-0001-9191-9140,true,,,,,,,,,,,EMOBON_BPNS_So_35
EMOBON-211223-BPNS-So3-Micro-R4,EMOBON metagenome sediment sample from station BPNS collected on 2021-12-23 community collected micro,https://www.ncbi.nlm.nih.gov/taxonomy/browser/wwwtax.cgi?id=412755,marine sediment metagenome,metagenome,http://purl.obolibrary.org/obo/ENVO_00002007,2021-12-23,BPNS_So_211223,Rune Lagaisse,https://orcid.org/0000-0001-9191-9140,ebb_tide,micro,,4,,,21.2,Van Veen Grab,SoSOP3,Problem with underway data,2021-12-23,MSO LifeWatch Lab -80 Freezer,-80,Sander Delacauw,https://orcid.org/0000-0002-5400-2891,Rune Lagaisse,https://orcid.org/0000-0001-9191-9140,true,,,,,,,,,,,EMOBON_BPNS_So_36
EMOBON-211223-BPNS-So3-Micro-B1,EMOBON metagenome sediment sample from station BPNS collected on 2021-12-23 community collected micro,https://www.ncbi.nlm.nih.gov/taxonomy/browser/wwwtax.cgi?id=256318,metagenome,metagenome,http://purl.obolibrary.org/obo/ENVO_00002007,2021-12-23,BPNS_So_211223,Rune Lagaisse,https://orcid.org/0000-0001-9191-9140,,micro,,blank_1,,,21.2,,SoSOP3,Problem with underway data,2021-12-23,MSO LifeWatch Lab -80 Freezer,-80,Sander Delacauw,https://orcid.org/0000-0002-5400-2891,Rune Lagaisse,https://orcid.org/0000-0001-9191-9140,false,,,,,,,,,,,EMOBON_BPNS_So_37
EMOBON-211223-BPNS-So3-Micro-B2,EMOBON metagenome sediment sample from station BPNS collected on 2021-12-23 community collected micro,https://www.ncbi.nlm.nih.gov/taxonomy/browser/wwwtax.cgi?id=256318,metagenome,metagenome,http://purl.obolibrary.org/obo/ENVO_00002007,2021-12-23,BPNS_So_211223,Rune Lagaisse,https://orcid.org/0000-0001-9191-9140,,micro,,blank_2,,,21.2,,SoSOP3,Problem with underway data,2021-12-23,MSO LifeWatch Lab -80 Freezer,-80,Sander Delacauw,https://orcid.org/0000-0002-5400-2891,Rune Lagaisse,https://orcid.org/0000-0001-9191-9140,false,,,,,,,,,,,EMOBON_BPNS_So_38
EMOBON-220322-BPNS-So3-Micro-R1,EMOBON metagenome sediment sample from station BPNS collected on 2022-03-22 community collected micro,https://www.ncbi.nlm.nih.gov/taxonomy/browser/wwwtax.cgi?id=412755,marine sediment metagenome,metagenome,http://purl.obolibrary.org/obo/ENVO_00002007,2022-03-22,BPNS_So_220322,Rune Lagaisse,https://orcid.org/0000-0001-9191-9140,ebb_tide,micro,,1,,,20,Van Veen Grab,SoSOP3,Problem with underway data,2022-03-23,MSO LifeWatch Lab -80 Freezer,-80,Rune Lagaisse,https://orcid.org/0000-0001-9191-9140,,,false,,2022-09-26,2022-09-30,-70,2023-07-18,2023-07-18,batch_3,,,,EMOBON_BPNS_So_39
EMOBON-220322-BPNS-So3-Micro-R2,EMOBON metagenome sediment sample from station BPNS collected on 2022-03-22 community collected micro,https://www.ncbi.nlm.nih.gov/taxonomy/browser/wwwtax.cgi?id=412755,marine sediment metagenome,metagenome,http://purl.obolibrary.org/obo/ENVO_00002007,2022-03-22,BPNS_So_220322,Rune Lagaisse,https://orcid.org/0000-0001-9191-9140,ebb_tide,micro,,2,,,20,Van Veen Grab,SoSOP3,Problem with underway data,2022-03-23,MSO LifeWatch Lab -80 Freezer,-80,Rune Lagaisse,https://orcid.org/0000-0001-9191-9140,,,false,,2022-09-26,2022-09-30,-70,2023-07-18,2023-07-18,batch_3,,,,EMOBON_BPNS_So_40
EMOBON-220322-BPNS-So3-Micro-R3,EMOBON metagenome sediment sample from station BPNS collected on 2022-03-22 community collected micro,https://www.ncbi.nlm.nih.gov/taxonomy/browser/wwwtax.cgi?id=412755,marine sediment metagenome,metagenome,http://purl.obolibrary.org/obo/ENVO_00002007,2022-03-22,BPNS_So_220322,Rune Lagaisse,https://orcid.org/0000-0001-9191-9140,ebb_tide,micro,,3,,,20,Van Veen Grab,SoSOP3,Problem with underway data,2022-03-23,MSO LifeWatch Lab -80 Freezer,-80,Rune Lagaisse,https://orcid.org/0000-0001-9191-9140,,,true,,,,,,,,,,,EMOBON_BPNS_So_41
EMOBON-220322-BPNS-So3-Micro-R4,EMOBON metagenome sediment sample from station BPNS collected on 2022-03-22 community collected micro,https://www.ncbi.nlm.nih.gov/taxonomy/browser/wwwtax.cgi?id=412755,marine sediment metagenome,metagenome,http://purl.obolibrary.org/obo/ENVO_00002007,2022-03-22,BPNS_So_220322,Rune Lagaisse,https://orcid.org/0000-0001-9191-9140,ebb_tide,micro,,4,,,20,Van Veen Grab,SoSOP3,"Tube broke, Problem with underway data",,,,,,,,,,,,,,,,"Tube broke, Problem with underway data",,,EMOBON_BPNS_So_42
EMOBON-220322-BPNS-So3-Micro-B1,EMOBON metagenome sediment sample from station BPNS collected on 2022-03-22 community collected micro,https://www.ncbi.nlm.nih.gov/taxonomy/browser/wwwtax.cgi?id=256318,metagenome,metagenome,http://purl.obolibrary.org/obo/ENVO_00002007,2022-03-22,BPNS_So_220322,Rune Lagaisse,https://orcid.org/0000-0001-9191-9140,,micro,,blank_1,,,20,,SoSOP3,Problem with underway data,2022-03-23,MSO LifeWatch Lab -80 Freezer,-80,Rune Lagaisse,https://orcid.org/0000-0001-9191-9140,,,false,,,,,,,,,,,EMOBON_BPNS_So_43
EMOBON-220322-BPNS-So3-Micro-B2,EMOBON metagenome sediment sample from station BPNS collected on 2022-03-22 community collected micro,https://www.ncbi.nlm.nih.gov/taxonomy/browser/wwwtax.cgi?id=256318,metagenome,metagenome,http://purl.obolibrary.org/obo/ENVO_00002007,2022-03-22,BPNS_So_220322,Rune Lagaisse,https://orcid.org/0000-0001-9191-9140,,micro,,blank_2,,,20,,SoSOP3,Problem with underway data,2022-03-23,MSO LifeWatch Lab -80 Freezer,-80,Rune Lagaisse,https://orcid.org/0000-0001-9191-9140,,,false,,,,,,,,,,,EMOBON_BPNS_So_44
EMOBON-220420-BPNS-So3-Micro-R1,EMOBON metagenome sediment sample from station BPNS collected on 2022-04-20 community collected micro,https://www.ncbi.nlm.nih.gov/taxonomy/browser/wwwtax.cgi?id=412755,marine sediment metagenome,metagenome,http://purl.obolibrary.org/obo/ENVO_00002007,2022-04-20,BPNS_So_220420,Annelien Rigaux,,ebb_tide,micro,,1,,,20,Van Veen Grab,SoSOP3,Problem with underway data,2022-04-21,MSO LifeWatch Lab -80 Freezer,-80,Rune Lagaisse,https://orcid.org/0000-0001-9191-9140,,,false,,2022-09-26,2022-09-30,-70,2023-07-18,2023-07-18,batch_3,,,,EMOBON_BPNS_So_45
EMOBON-220420-BPNS-So3-Micro-R2,EMOBON metagenome sediment sample from station BPNS collected on 2022-04-20 community collected micro,https://www.ncbi.nlm.nih.gov/taxonomy/browser/wwwtax.cgi?id=412755,marine sediment metagenome,metagenome,http://purl.obolibrary.org/obo/ENVO_00002007,2022-04-20,BPNS_So_220420,Annelien Rigaux,,ebb_tide,micro,,2,,,20,Van Veen Grab,SoSOP3,Problem with underway data,2022-04-21,MSO LifeWatch Lab -80 Freezer,-80,Rune Lagaisse,https://orcid.org/0000-0001-9191-9140,,,false,,2022-09-26,2022-09-30,-70,2023-07-18,2023-07-18,batch_3,,,,EMOBON_BPNS_So_46
EMOBON-220420-BPNS-So3-Micro-R3,EMOBON metagenome sediment sample from station BPNS collected on 2022-04-20 community collected micro,https://www.ncbi.nlm.nih.gov/taxonomy/browser/wwwtax.cgi?id=412755,marine sediment metagenome,metagenome,http://purl.obolibrary.org/obo/ENVO_00002007,2022-04-20,BPNS_So_220420,Annelien Rigaux,,ebb_tide,micro,,3,,,20,Van Veen Grab,SoSOP3,Problem with underway data,2022-04-21,MSO LifeWatch Lab -80 Freezer,-80,Rune Lagaisse,https://orcid.org/0000-0001-9191-9140,,,true,,,,,,,,,,,EMOBON_BPNS_So_47
EMOBON-220420-BPNS-So3-Micro-R4,EMOBON metagenome sediment sample from station BPNS collected on 2022-04-20 community collected micro,https://www.ncbi.nlm.nih.gov/taxonomy/browser/wwwtax.cgi?id=412755,marine sediment metagenome,metagenome,http://purl.obolibrary.org/obo/ENVO_00002007,2022-04-20,BPNS_So_220420,Annelien Rigaux,,ebb_tide,micro,,4,,,20,Van Veen Grab,SoSOP3,Problem with underway data,2022-04-21,MSO LifeWatch Lab -80 Freezer,-80,Rune Lagaisse,https://orcid.org/0000-0001-9191-9140,,,true,,,,,,,,,,,EMOBON_BPNS_So_48
EMOBON-220420-BPNS-So3-Micro-B1,EMOBON metagenome sediment sample from station BPNS collected on 2022-04-20 community collected micro,https://www.ncbi.nlm.nih.gov/taxonomy/browser/wwwtax.cgi?id=256318,metagenome,metagenome,http://purl.obolibrary.org/obo/ENVO_00002007,2022-04-20,BPNS_So_220420,Annelien Rigaux,,,micro,,blank_1,,,20,,SoSOP3,Problem with underway data,2022-04-21,MSO LifeWatch Lab -80 Freezer,-80,Rune Lagaisse,https://orcid.org/0000-0001-9191-9140,,,false,,,,,,,,,,,EMOBON_BPNS_So_49
EMOBON-220420-BPNS-So3-Micro-B2,EMOBON metagenome sediment sample from station BPNS collected on 2022-04-20 community collected micro,https://www.ncbi.nlm.nih.gov/taxonomy/browser/wwwtax.cgi?id=256318,metagenome,metagenome,http://purl.obolibrary.org/obo/ENVO_00002007,2022-04-20,BPNS_So_220420,Annelien Rigaux,,,micro,,blank_2,,,20,,SoSOP3,Problem with underway data,2022-04-21,MSO LifeWatch Lab -80 Freezer,-80,Rune Lagaisse,https://orcid.org/0000-0001-9191-9140,,,false,,,,,,,,,,,EMOBON_BPNS_So_50
EMOBON-220420-BPNS-So3-Macro-R1,EMOBON mimarks-specimen sediment sample from station BPNS collected on 2022-04-20 community collected macro,https://www.ncbi.nlm.nih.gov/taxonomy/browser/wwwtax.cgi?id=33208,Metazoa,mimarks-specimen,http://purl.obolibrary.org/obo/ENVO_00002007,2022-04-20,BPNS_So_220420,Annelien Rigaux,,ebb_tide,macro,,1,,,20,Van Veen Grab,SoSOP3,Problem with underway data,2022-04-21,MSO LifeWatch Lab -20 Freezer 3,-20,Rune Lagaisse,https://orcid.org/0000-0001-9191-9140,,,false,,2022-09-26,2022-09-30,4,2023-06-01,2023-06-01,batch_3,,,,EMOBON_BPNS_So_51
EMOBON-220420-BPNS-So3-Macro-R2,EMOBON mimarks-specimen sediment sample from station BPNS collected on 2022-04-20 community collected macro,https://www.ncbi.nlm.nih.gov/taxonomy/browser/wwwtax.cgi?id=33208,Metazoa,mimarks-specimen,http://purl.obolibrary.org/obo/ENVO_00002007,2022-04-20,BPNS_So_220420,Annelien Rigaux,,ebb_tide,macro,,2,,,20,Van Veen Grab,SoSOP3,Problem with underway data,2022-04-21,MSO LifeWatch Lab -20 Freezer 3,-20,Rune Lagaisse,https://orcid.org/0000-0001-9191-9140,,,false,,2022-09-26,2022-09-30,4,2023-10-17,2023-10-17,batch_3.2,,,,EMOBON_BPNS_So_52
EMOBON-220420-BPNS-So3-Macro-R3,EMOBON mimarks-specimen sediment sample from station BPNS collected on 2022-04-20 community collected macro,https://www.ncbi.nlm.nih.gov/taxonomy/browser/wwwtax.cgi?id=33208,Metazoa,mimarks-specimen,http://purl.obolibrary.org/obo/ENVO_00002007,2022-04-20,BPNS_So_220420,Annelien Rigaux,,ebb_tide,macro,,3,,,20,Van Veen Grab,SoSOP3,Problem with underway data,2022-04-21,MSO LifeWatch Lab -20 Freezer 3,-20,Rune Lagaisse,https://orcid.org/0000-0001-9191-9140,,,true,,,,,,,,,,,EMOBON_BPNS_So_53
EMOBON-220420-BPNS-So3-Macro-R4,EMOBON mimarks-specimen sediment sample from station BPNS collected on 2022-04-20 community collected macro,https://www.ncbi.nlm.nih.gov/taxonomy/browser/wwwtax.cgi?id=33208,Metazoa,mimarks-specimen,http://purl.obolibrary.org/obo/ENVO_00002007,2022-04-20,BPNS_So_220420,Annelien Rigaux,,ebb_tide,macro,,4,,,20,Van Veen Grab,SoSOP3,Problem with underway data,2022-04-21,MSO LifeWatch Lab -20 Freezer 3,-20,Rune Lagaisse,https://orcid.org/0000-0001-9191-9140,,,true,,,,,,,,,,,EMOBON_BPNS_So_54
EMOBON-220420-BPNS-So3-Macro-B,EMOBON mimarks-specimen sediment sample from station BPNS collected on 2022-04-20 community collected macro,https://www.ncbi.nlm.nih.gov/taxonomy/browser/wwwtax.cgi?id=256318,metagenome,mimarks-specimen,http://purl.obolibrary.org/obo/ENVO_00002007,2022-04-20,BPNS_So_220420,Annelien Rigaux,,,macro,,blank_1,,,20,,SoSOP3,Problem with underway data,2022-04-21,MSO LifeWatch Lab -20 Freezer 3,-20,Rune Lagaisse,https://orcid.org/0000-0001-9191-9140,,,false,,,,,,,,,,,EMOBON_BPNS_So_55
EMOBON-220420-BPNS-SoSOP3-Meio-R1,EMOBON mimarks-specimen sediment sample from station BPNS collected on 2022-04-20 community collected meio,https://www.ncbi.nlm.nih.gov/taxonomy/browser/wwwtax.cgi?id=33208,Metazoa,mimarks-specimen,http://purl.obolibrary.org/obo/ENVO_00002007,2022-04-20,BPNS_So_220420,Annelien Rigaux,,ebb_tide,meio,,1,32,,20,Van Veen Grab,SoSOP3,Problem with underway data,2022-04-28,"UGent MarBiol Freezer #4, Box#61",-20,Annelien Rigaux,,Lara Macheriotou,https://orcid.org/0000-0002-5662-5689,false,639.4,2022-10-03,2022-10-05,-20,2022-11-15,2022-11-16,batch_3.1,,,,EMOBON_BPNS_So_56
EMOBON-220420-BPNS-SoSOP3-Meio-R2,EMOBON mimarks-specimen sediment sample from station BPNS collected on 2022-04-20 community collected meio,https://www.ncbi.nlm.nih.gov/taxonomy/browser/wwwtax.cgi?id=33208,Metazoa,mimarks-specimen,http://purl.obolibrary.org/obo/ENVO_00002007,2022-04-20,BPNS_So_220420,Annelien Rigaux,,ebb_tide,meio,,2,32,,20,Van Veen Grab,SoSOP3,Problem with underway data,2022-04-28,"UGent MarBiol Freezer #4, Box#61",-20,Annelien Rigaux,,Lara Macheriotou,https://orcid.org/0000-0002-5662-5689,false,627.8,2022-10-03,2022-10-05,-20,2022-11-15,2022-11-16,batch_3.1,,,,EMOBON_BPNS_So_57
EMOBON-220420-BPNS-SoSOP3-Meio-R3,EMOBON mimarks-specimen sediment sample from station BPNS collected on 2022-04-20 community collected meio,https://www.ncbi.nlm.nih.gov/taxonomy/browser/wwwtax.cgi?id=33208,Metazoa,mimarks-specimen,http://purl.obolibrary.org/obo/ENVO_00002007,2022-04-20,BPNS_So_220420,Annelien Rigaux,,ebb_tide,meio,,3,32,,20,Van Veen Grab,SoSOP3,Problem with underway data,2022-04-28,"UGent MarBiol Freezer #4, Box#61",-20,Annelien Rigaux,,Lara Macheriotou,https://orcid.org/0000-0002-5662-5689,true,598.6,,,,,,,,,,EMOBON_BPNS_So_58
EMOBON-220420-BPNS-SoSOP3-Meio-R4,EMOBON mimarks-specimen sediment sample from station BPNS collected on 2022-04-20 community collected meio,https://www.ncbi.nlm.nih.gov/taxonomy/browser/wwwtax.cgi?id=33208,Metazoa,mimarks-specimen,http://purl.obolibrary.org/obo/ENVO_00002007,2022-04-20,BPNS_So_220420,Annelien Rigaux,,ebb_tide,meio,,4,32,,20,Van Veen Grab,SoSOP3,Problem with underway data,2022-04-28,"UGent MarBiol Freezer #4, Box#61",-20,Annelien Rigaux,,Lara Macheriotou,https://orcid.org/0000-0002-5662-5689,true,650,,,,,,,,,,EMOBON_BPNS_So_59
EMOBON-220420-BPNS-SoSOP3-Meio-B,EMOBON mimarks-specimen sediment sample from station BPNS collected on 2022-04-20 community collected meio,https://www.ncbi.nlm.nih.gov/taxonomy/browser/wwwtax.cgi?id=256318,metagenome,mimarks-specimen,http://purl.obolibrary.org/obo/ENVO_00002007,2022-04-20,BPNS_So_220420,Annelien Rigaux,,,meio,,blank_1,,,20,Van Veen Grab,SoSOP3,Problem with underway data,2022-04-28,"UGent MarBiol Freezer #4, Box#61",-20,Annelien Rigaux,,Lara Macheriotou,https://orcid.org/0000-0002-5662-5689,false,,,,,,,,,,,EMOBON_BPNS_So_60
EMOBON-220601-BPNS-So3-Micro-R1,EMOBON metagenome sediment sample from station BPNS collected on 2022-06-01 community collected micro,https://www.ncbi.nlm.nih.gov/taxonomy/browser/wwwtax.cgi?id=412755,marine sediment metagenome,metagenome,http://purl.obolibrary.org/obo/ENVO_00002007,2022-06-01,BPNS_So_220601,Rune Lagaisse,https://orcid.org/0000-0001-9191-9140,flood_tide,micro,,1,,,20.3,Van Veen Grab,SoSOP3,,2022-06-01,MSO LifeWatch Lab -80 Freezer,-80,Rune Lagaisse,https://orcid.org/0000-0001-9191-9140,,,false,,2022-09-26,2022-09-30,-70,2023-07-18,2023-07-18,batch_3,,,,EMOBON_BPNS_So_61
EMOBON-220601-BPNS-So3-Micro-R2,EMOBON metagenome sediment sample from station BPNS collected on 2022-06-01 community collected micro,https://www.ncbi.nlm.nih.gov/taxonomy/browser/wwwtax.cgi?id=412755,marine sediment metagenome,metagenome,http://purl.obolibrary.org/obo/ENVO_00002007,2022-06-01,BPNS_So_220601,Rune Lagaisse,https://orcid.org/0000-0001-9191-9140,flood_tide,micro,,2,,,20.3,Van Veen Grab,SoSOP3,,2022-06-01,MSO LifeWatch Lab -80 Freezer,-80,Rune Lagaisse,https://orcid.org/0000-0001-9191-9140,,,false,,2022-09-26,2022-09-30,-70,2023-07-18,2023-07-18,batch_3,,,,EMOBON_BPNS_So_62
EMOBON-220601-BPNS-So3-Micro-R3,EMOBON metagenome sediment sample from station BPNS collected on 2022-06-01 community collected micro,https://www.ncbi.nlm.nih.gov/taxonomy/browser/wwwtax.cgi?id=412755,marine sediment metagenome,metagenome,http://purl.obolibrary.org/obo/ENVO_00002007,2022-06-01,BPNS_So_220601,Rune Lagaisse,https://orcid.org/0000-0001-9191-9140,flood_tide,micro,,3,,,20.3,Van Veen Grab,SoSOP3,,2022-06-01,MSO LifeWatch Lab -80 Freezer,-80,Rune Lagaisse,https://orcid.org/0000-0001-9191-9140,,,true,,,,,,,,,,,EMOBON_BPNS_So_63
EMOBON-220601-BPNS-So3-Micro-R4,EMOBON metagenome sediment sample from station BPNS collected on 2022-06-01 community collected micro,https://www.ncbi.nlm.nih.gov/taxonomy/browser/wwwtax.cgi?id=412755,marine sediment metagenome,metagenome,http://purl.obolibrary.org/obo/ENVO_00002007,2022-06-01,BPNS_So_220601,Rune Lagaisse,https://orcid.org/0000-0001-9191-9140,flood_tide,micro,,4,,,20.3,Van Veen Grab,SoSOP3,,2022-06-01,MSO LifeWatch Lab -80 Freezer,-80,Rune Lagaisse,https://orcid.org/0000-0001-9191-9140,,,true,,,,,,,,,,,EMOBON_BPNS_So_64
EMOBON-220601-BPNS-So3-Micro-B1,EMOBON metagenome sediment sample from station BPNS collected on 2022-06-01 community collected micro,https://www.ncbi.nlm.nih.gov/taxonomy/browser/wwwtax.cgi?id=256318,metagenome,metagenome,http://purl.obolibrary.org/obo/ENVO_00002007,2022-06-01,BPNS_So_220601,Rune Lagaisse,https://orcid.org/0000-0001-9191-9140,,micro,,blank_1,,,20.3,,SoSOP3,,2022-06-01,MSO LifeWatch Lab -80 Freezer,-80,Rune Lagaisse,https://orcid.org/0000-0001-9191-9140,,,false,,,,,,,,,,,EMOBON_BPNS_So_65
EMOBON-220601-BPNS-So3-Micro-B2,EMOBON metagenome sediment sample from station BPNS collected on 2022-06-01 community collected micro,https://www.ncbi.nlm.nih.gov/taxonomy/browser/wwwtax.cgi?id=256318,metagenome,metagenome,http://purl.obolibrary.org/obo/ENVO_00002007,2022-06-01,BPNS_So_220601,Rune Lagaisse,https://orcid.org/0000-0001-9191-9140,,micro,,blank_2,,,20.3,,SoSOP3,,2022-06-01,MSO LifeWatch Lab -80 Freezer,-80,Rune Lagaisse,https://orcid.org/0000-0001-9191-9140,,,false,,,,,,,,,,,EMOBON_BPNS_So_66
EMOBON-220601-BPNS-SoSOP3-Meio-R1,EMOBON mimarks-specimen sediment sample from station BPNS collected on 2022-06-01 community collected meio,https://www.ncbi.nlm.nih.gov/taxonomy/browser/wwwtax.cgi?id=33208,Metazoa,mimarks-specimen,http://purl.obolibrary.org/obo/ENVO_00002007,2022-06-01,BPNS_So_220601,Lara Macheriotou,https://orcid.org/0000-0002-5662-5689,flood_tide,meio,,1,32,,20.3,Van Veen Grab,SoSOP3,,2022-06-01,"UGent MarBiol Freezer #4, Box#61",-20,Lara Macheriotou,https://orcid.org/0000-0002-5662-5689,,,false,302.5,2022-10-03,2022-10-05,-20,2022-11-15,2022-11-16,batch_3.1,,,,EMOBON_BPNS_So_67
EMOBON-220601-BPNS-SoSOP3-Meio-R2,EMOBON mimarks-specimen sediment sample from station BPNS collected on 2022-06-01 community collected meio,https://www.ncbi.nlm.nih.gov/taxonomy/browser/wwwtax.cgi?id=33208,Metazoa,mimarks-specimen,http://purl.obolibrary.org/obo/ENVO_00002007,2022-06-01,BPNS_So_220601,Lara Macheriotou,https://orcid.org/0000-0002-5662-5689,flood_tide,meio,,2,32,,20.3,Van Veen Grab,SoSOP3,,2022-06-01,"UGent MarBiol Freezer #4, Box#61",-20,Lara Macheriotou,https://orcid.org/0000-0002-5662-5689,,,false,248.9,2022-10-03,2022-10-05,-20,2022-11-15,2022-11-16,batch_3.1,,,,EMOBON_BPNS_So_68
EMOBON-220601-BPNS-SoSOP3-Meio-R3,EMOBON mimarks-specimen sediment sample from station BPNS collected on 2022-06-01 community collected meio,https://www.ncbi.nlm.nih.gov/taxonomy/browser/wwwtax.cgi?id=33208,Metazoa,mimarks-specimen,http://purl.obolibrary.org/obo/ENVO_00002007,2022-06-01,BPNS_So_220601,Lara Macheriotou,https://orcid.org/0000-0002-5662-5689,flood_tide,meio,,3,32,,20.3,Van Veen Grab,SoSOP3,,2022-06-01,"UGent MarBiol Freezer #4, Box#61",-20,Lara Macheriotou,https://orcid.org/0000-0002-5662-5689,,,true,282.7,,,,,,,,,,EMOBON_BPNS_So_69
EMOBON-220601-BPNS-SoSOP3-Meio-R4,EMOBON mimarks-specimen sediment sample from station BPNS collected on 2022-06-01 community collected meio,https://www.ncbi.nlm.nih.gov/taxonomy/browser/wwwtax.cgi?id=33208,Metazoa,mimarks-specimen,http://purl.obolibrary.org/obo/ENVO_00002007,2022-06-01,BPNS_So_220601,Lara Macheriotou,https://orcid.org/0000-0002-5662-5689,flood_tide,meio,,4,32,,20.3,Van Veen Grab,SoSOP3,,2022-06-01,"UGent MarBiol Freezer #4, Box#61",-20,Lara Macheriotou,https://orcid.org/0000-0002-5662-5689,,,true,329.4,,,,,,,,,,EMOBON_BPNS_So_70
EMOBON-220601-BPNS-SoSOP3-Meio-B,EMOBON mimarks-specimen sediment sample from station BPNS collected on 2022-06-01 community collected meio,https://www.ncbi.nlm.nih.gov/taxonomy/browser/wwwtax.cgi?id=256318,metagenome,mimarks-specimen,http://purl.obolibrary.org/obo/ENVO_00002007,2022-06-01,BPNS_So_220601,Lara Macheriotou,https://orcid.org/0000-0002-5662-5689,,meio,,blank_1,,,20.3,Van Veen Grab,SoSOP3,,2022-06-01,"UGent MarBiol Freezer #4, Box#61",-20,Lara Macheriotou,https://orcid.org/0000-0002-5662-5689,,,false,,,,,,,,,,,EMOBON_BPNS_So_71
EMOBON-220819-BPNS-So3-Micro-R1,EMOBON metagenome sediment sample from station BPNS collected on 2022-08-19 community collected micro,https://www.ncbi.nlm.nih.gov/taxonomy/browser/wwwtax.cgi?id=412755,marine sediment metagenome,metagenome,http://purl.obolibrary.org/obo/ENVO_00002007,2022-08-19,BPNS_So_220819,Rune Lagaisse,https://orcid.org/0000-0001-9191-9140,flood_tide,micro,,1,,,19.9,Van Veen Grab,SoSOP3,"Winch issues, no Van Veen possible",,,,,,,,,,,,,,,,true,"sampling failed; Winch issues, no Van Veen possible",,EMOBON_BPNS_So_72
EMOBON-220819-BPNS-So3-Micro-R2,EMOBON metagenome sediment sample from station BPNS collected on 2022-08-19 community collected micro,https://www.ncbi.nlm.nih.gov/taxonomy/browser/wwwtax.cgi?id=412755,marine sediment metagenome,metagenome,http://purl.obolibrary.org/obo/ENVO_00002007,2022-08-19,BPNS_So_220819,Rune Lagaisse,https://orcid.org/0000-0001-9191-9140,flood_tide,micro,,2,,,19.9,Van Veen Grab,SoSOP3,"Winch issues, no Van Veen possible",,,,,,,,,,,,,,,,true,"sampling failed; Winch issues, no Van Veen possible",,EMOBON_BPNS_So_73
EMOBON-220819-BPNS-So3-Micro-R3,EMOBON metagenome sediment sample from station BPNS collected on 2022-08-19 community collected micro,https://www.ncbi.nlm.nih.gov/taxonomy/browser/wwwtax.cgi?id=412755,marine sediment metagenome,metagenome,http://purl.obolibrary.org/obo/ENVO_00002007,2022-08-19,BPNS_So_220819,Rune Lagaisse,https://orcid.org/0000-0001-9191-9140,flood_tide,micro,,3,,,19.9,Van Veen Grab,SoSOP3,"Winch issues, no Van Veen possible",,,,,,,,,,,,,,,,true,"sampling failed; Winch issues, no Van Veen possible",,EMOBON_BPNS_So_74
EMOBON-220819-BPNS-So3-Micro-R4,EMOBON metagenome sediment sample from station BPNS collected on 2022-08-19 community collected micro,https://www.ncbi.nlm.nih.gov/taxonomy/browser/wwwtax.cgi?id=412755,marine sediment metagenome,metagenome,http://purl.obolibrary.org/obo/ENVO_00002007,2022-08-19,BPNS_So_220819,Rune Lagaisse,https://orcid.org/0000-0001-9191-9140,flood_tide,micro,,4,,,19.9,Van Veen Grab,SoSOP3,"Winch issues, no Van Veen possible",,,,,,,,,,,,,,,,true,"sampling failed; Winch issues, no Van Veen possible",,EMOBON_BPNS_So_75
EMOBON-220819-BPNS-So3-Micro-B1,EMOBON metagenome sediment sample from station BPNS collected on 2022-08-19 community collected micro,https://www.ncbi.nlm.nih.gov/taxonomy/browser/wwwtax.cgi?id=256318,metagenome,metagenome,http://purl.obolibrary.org/obo/ENVO_00002007,2022-08-19,BPNS_So_220819,Rune Lagaisse,https://orcid.org/0000-0001-9191-9140,,micro,,blank_1,,,19.9,,SoSOP3,"Winch issues, no Van Veen possible",,,,,,,,,,,,,,,,true,"sampling failed; Winch issues, no Van Veen possible",,EMOBON_BPNS_So_76
EMOBON-220819-BPNS-So3-Micro-B2,EMOBON metagenome sediment sample from station BPNS collected on 2022-08-19 community collected micro,https://www.ncbi.nlm.nih.gov/taxonomy/browser/wwwtax.cgi?id=256318,metagenome,metagenome,http://purl.obolibrary.org/obo/ENVO_00002007,2022-08-19,BPNS_So_220819,Rune Lagaisse,https://orcid.org/0000-0001-9191-9140,,micro,,blank_2,,,19.9,,SoSOP3,"Winch issues, no Van Veen possible",,,,,,,,,,,,,,,,true,"sampling failed; Winch issues, no Van Veen possible",,EMOBON_BPNS_So_77
EMOBON-221027-BPNS-So3-Micro-R1,EMOBON metagenome sediment sample from station BPNS collected on 2022-10-27 community collected micro,https://www.ncbi.nlm.nih.gov/taxonomy/browser/wwwtax.cgi?id=412755,marine sediment metagenome,metagenome,http://purl.obolibrary.org/obo/ENVO_00002007,2022-10-27,BPNS_So_221027,Rune Lagaisse,https://orcid.org/0000-0001-9191-9140,flood_tide,micro,,1,,,20,Van Veen Grab,SoSOP3,Problem with underway data,2022-10-27,MSO LifeWatch Lab -80 Freezer,-80,Rune Lagaisse,https://orcid.org/0000-0001-9191-9140,,,false,,2023-06-13,2023-06-19,-70,2024-04-17,2024-04-18,batch_4,false,,,EMOBON_BPNS_So_78
EMOBON-221027-BPNS-So3-Micro-R2,EMOBON metagenome sediment sample from station BPNS collected on 2022-10-27 community collected micro,https://www.ncbi.nlm.nih.gov/taxonomy/browser/wwwtax.cgi?id=412755,marine sediment metagenome,metagenome,http://purl.obolibrary.org/obo/ENVO_00002007,2022-10-27,BPNS_So_221027,Rune Lagaisse,https://orcid.org/0000-0001-9191-9140,flood_tide,micro,,2,,,20,Van Veen Grab,SoSOP3,Problem with underway data,2022-10-27,MSO LifeWatch Lab -80 Freezer,-80,Rune Lagaisse,https://orcid.org/0000-0001-9191-9140,,,false,,2023-06-13,2023-06-19,-70,2024-04-17,2024-04-18,batch_4,false,,,EMOBON_BPNS_So_79
EMOBON-221027-BPNS-So3-Micro-R3,EMOBON metagenome sediment sample from station BPNS collected on 2022-10-27 community collected micro,https://www.ncbi.nlm.nih.gov/taxonomy/browser/wwwtax.cgi?id=412755,marine sediment metagenome,metagenome,http://purl.obolibrary.org/obo/ENVO_00002007,2022-10-27,BPNS_So_221027,Rune Lagaisse,https://orcid.org/0000-0001-9191-9140,flood_tide,micro,,3,,,20,Van Veen Grab,SoSOP3,Problem with underway data,2022-10-27,MSO LifeWatch Lab -80 Freezer,-80,Rune Lagaisse,https://orcid.org/0000-0001-9191-9140,,,true,,,,,,,,,,,EMOBON_BPNS_So_80
EMOBON-221027-BPNS-So3-Micro-R4,EMOBON metagenome sediment sample from station BPNS collected on 2022-10-27 community collected micro,https://www.ncbi.nlm.nih.gov/taxonomy/browser/wwwtax.cgi?id=412755,marine sediment metagenome,metagenome,http://purl.obolibrary.org/obo/ENVO_00002007,2022-10-27,BPNS_So_221027,Rune Lagaisse,https://orcid.org/0000-0001-9191-9140,flood_tide,micro,,4,,,20,Van Veen Grab,SoSOP3,Problem with underway data,2022-10-27,MSO LifeWatch Lab -80 Freezer,-80,Rune Lagaisse,https://orcid.org/0000-0001-9191-9140,,,true,,,,,,,,,,,EMOBON_BPNS_So_81
EMOBON-221027-BPNS-So3-Micro-B1,EMOBON metagenome sediment sample from station BPNS collected on 2022-10-27 community collected micro,https://www.ncbi.nlm.nih.gov/taxonomy/browser/wwwtax.cgi?id=256318,metagenome,metagenome,http://purl.obolibrary.org/obo/ENVO_00002007,2022-10-27,BPNS_So_221027,Rune Lagaisse,https://orcid.org/0000-0001-9191-9140,,micro,,blank_1,,,20,,SoSOP3,Problem with underway data,2022-10-27,MSO LifeWatch Lab -80 Freezer,-80,Rune Lagaisse,https://orcid.org/0000-0001-9191-9140,,,false,,,,,,,,,,,EMOBON_BPNS_So_82
EMOBON-221027-BPNS-So3-Micro-B2,EMOBON metagenome sediment sample from station BPNS collected on 2022-10-27 community collected micro,https://www.ncbi.nlm.nih.gov/taxonomy/browser/wwwtax.cgi?id=256318,metagenome,metagenome,http://purl.obolibrary.org/obo/ENVO_00002007,2022-10-27,BPNS_So_221027,Rune Lagaisse,https://orcid.org/0000-0001-9191-9140,,micro,,blank_2,,,20,,SoSOP3,Problem with underway data,2022-10-27,MSO LifeWatch Lab -80 Freezer,-80,Rune Lagaisse,https://orcid.org/0000-0001-9191-9140,,,false,,,,,,,,,,,EMOBON_BPNS_So_83
EMOBON-221027-BPNS-So3-Macro-R1,EMOBON mimarks-specimen sediment sample from station BPNS collected on 2022-10-27 community collected macro,https://www.ncbi.nlm.nih.gov/taxonomy/browser/wwwtax.cgi?id=33208,Metazoa,mimarks-specimen,http://purl.obolibrary.org/obo/ENVO_00002007,2022-10-27,BPNS_So_221027,Rune Lagaisse,https://orcid.org/0000-0001-9191-9140,flood_tide,macro,,1,,,20,Van Veen Grab,SoSOP3,Problem with underway data,2022-10-27,MSO LifeWatch Lab -20 Freezer 3,-20,Rune Lagaisse,https://orcid.org/0000-0001-9191-9140,,,false,,2023-09-11,2023-09-14,4,,,batch_4,false,NA; only 18S v1-v2 was successful,,EMOBON_BPNS_So_84
EMOBON-221027-BPNS-So3-Macro-R2,EMOBON mimarks-specimen sediment sample from station BPNS collected on 2022-10-27 community collected macro,https://www.ncbi.nlm.nih.gov/taxonomy/browser/wwwtax.cgi?id=33208,Metazoa,mimarks-specimen,http://purl.obolibrary.org/obo/ENVO_00002007,2022-10-27,BPNS_So_221027,Rune Lagaisse,https://orcid.org/0000-0001-9191-9140,flood_tide,macro,,2,,,20,Van Veen Grab,SoSOP3,Problem with underway data,2022-10-27,MSO LifeWatch Lab -20 Freezer 3,-20,Rune Lagaisse,https://orcid.org/0000-0001-9191-9140,,,false,,2023-09-11,2023-09-14,4,,,batch_4,false,NA; only 18S v1-v2 was successful,,EMOBON_BPNS_So_85
EMOBON-221027-BPNS-So3-Macro-R3,EMOBON mimarks-specimen sediment sample from station BPNS collected on 2022-10-27 community collected macro,https://www.ncbi.nlm.nih.gov/taxonomy/browser/wwwtax.cgi?id=33208,Metazoa,mimarks-specimen,http://purl.obolibrary.org/obo/ENVO_00002007,2022-10-27,BPNS_So_221027,Rune Lagaisse,https://orcid.org/0000-0001-9191-9140,flood_tide,macro,,3,,,20,Van Veen Grab,SoSOP3,Problem with underway data,2022-10-27,MSO LifeWatch Lab -20 Freezer 3,-20,Rune Lagaisse,https://orcid.org/0000-0001-9191-9140,,,true,,,,,,,,,,,EMOBON_BPNS_So_86
EMOBON-221027-BPNS-So3-Macro-R4,EMOBON mimarks-specimen sediment sample from station BPNS collected on 2022-10-27 community collected macro,https://www.ncbi.nlm.nih.gov/taxonomy/browser/wwwtax.cgi?id=33208,Metazoa,mimarks-specimen,http://purl.obolibrary.org/obo/ENVO_00002007,2022-10-27,BPNS_So_221027,Rune Lagaisse,https://orcid.org/0000-0001-9191-9140,flood_tide,macro,,4,,,20,Van Veen Grab,SoSOP3,Problem with underway data,2022-10-27,MSO LifeWatch Lab -20 Freezer 3,-20,Rune Lagaisse,https://orcid.org/0000-0001-9191-9140,,,true,,,,,,,,,,,EMOBON_BPNS_So_87
EMOBON-221027-BPNS-So3-Macro-B,EMOBON mimarks-specimen sediment sample from station BPNS collected on 2022-10-27 community collected macro,https://www.ncbi.nlm.nih.gov/taxonomy/browser/wwwtax.cgi?id=256318,metagenome,mimarks-specimen,http://purl.obolibrary.org/obo/ENVO_00002007,2022-10-27,BPNS_So_221027,Rune Lagaisse,https://orcid.org/0000-0001-9191-9140,,macro,,blank_1,,,20,,SoSOP3,Problem with underway data,2022-10-27,MSO LifeWatch Lab -20 Freezer 3,-20,Rune Lagaisse,https://orcid.org/0000-0001-9191-9140,,,false,,,,,,,,,,,EMOBON_BPNS_So_88
EMOBON-221027-BPNS-SoSOP3-Meio-R1,EMOBON mimarks-specimen sediment sample from station BPNS collected on 2022-10-27 community collected meio,https://www.ncbi.nlm.nih.gov/taxonomy/browser/wwwtax.cgi?id=33208,Metazoa,mimarks-specimen,http://purl.obolibrary.org/obo/ENVO_00002007,2022-10-27,BPNS_So_221027,Rune Lagaisse,https://orcid.org/0000-0001-9191-9140,flood_tide,meio,,1,32,,20,Van Veen Grab,SoSOP3,Problem with underway data,2022-10-27,"UGent MarBiol Freezer #4, Box#61",-20,Annelien Rigaux,,Lara Macheriotou,https://orcid.org/0000-0002-5662-5689,false,,2023-10-03,2023-10-09,4,,,batch_5,false,,,EMOBON_BPNS_So_89
EMOBON-221027-BPNS-SoSOP3-Meio-R2,EMOBON mimarks-specimen sediment sample from station BPNS collected on 2022-10-27 community collected meio,https://www.ncbi.nlm.nih.gov/taxonomy/browser/wwwtax.cgi?id=33208,Metazoa,mimarks-specimen,http://purl.obolibrary.org/obo/ENVO_00002007,2022-10-27,BPNS_So_221027,Rune Lagaisse,https://orcid.org/0000-0001-9191-9140,flood_tide,meio,,2,32,,20,Van Veen Grab,SoSOP3,Problem with underway data,2022-10-27,"UGent MarBiol Freezer #4, Box#61",-20,Annelien Rigaux,,Lara Macheriotou,https://orcid.org/0000-0002-5662-5689,false,,2023-10-03,2023-10-09,4,,,batch_5,false,,,EMOBON_BPNS_So_90
EMOBON-221027-BPNS-SoSOP3-Meio-R3,EMOBON mimarks-specimen sediment sample from station BPNS collected on 2022-10-27 community collected meio,https://www.ncbi.nlm.nih.gov/taxonomy/browser/wwwtax.cgi?id=33208,Metazoa,mimarks-specimen,http://purl.obolibrary.org/obo/ENVO_00002007,2022-10-27,BPNS_So_221027,Rune Lagaisse,https://orcid.org/0000-0001-9191-9140,flood_tide,meio,,3,32,,20,Van Veen Grab,SoSOP3,Problem with underway data,2022-10-27,"UGent MarBiol Freezer #4, Box#61",-20,Annelien Rigaux,,Lara Macheriotou,https://orcid.org/0000-0002-5662-5689,true,236.9,,,,,,,,,,EMOBON_BPNS_So_91
EMOBON-221027-BPNS-SoSOP3-Meio-R4,EMOBON mimarks-specimen sediment sample from station BPNS collected on 2022-10-27 community collected meio,https://www.ncbi.nlm.nih.gov/taxonomy/browser/wwwtax.cgi?id=33208,Metazoa,mimarks-specimen,http://purl.obolibrary.org/obo/ENVO_00002007,2022-10-27,BPNS_So_221027,Rune Lagaisse,https://orcid.org/0000-0001-9191-9140,flood_tide,meio,,4,32,,20,Van Veen Grab,SoSOP3,Problem with underway data,2022-10-27,"UGent MarBiol Freezer #4, Box#61",-20,Annelien Rigaux,,Lara Macheriotou,https://orcid.org/0000-0002-5662-5689,true,226.7,,,,,,,,,,EMOBON_BPNS_So_92
EMOBON-221027-BPNS-SoSOP3-Meio-B,EMOBON mimarks-specimen sediment sample from station BPNS collected on 2022-10-27 community collected meio,https://www.ncbi.nlm.nih.gov/taxonomy/browser/wwwtax.cgi?id=256318,metagenome,mimarks-specimen,http://purl.obolibrary.org/obo/ENVO_00002007,2022-10-27,BPNS_So_221027,Rune Lagaisse,https://orcid.org/0000-0001-9191-9140,,meio,,blank_1,32,,20,Van Veen Grab,SoSOP3,Problem with underway data,2022-10-27,"UGent MarBiol Freezer #4, Box#61",-20,Annelien Rigaux,,Lara Macheriotou,https://orcid.org/0000-0002-5662-5689,false,,,,,,,,,,,EMOBON_BPNS_So_93
EMOBON-221212-BPNS-So3-Micro-R1,EMOBON metagenome sediment sample from station BPNS collected on 2022-12-12 community collected micro,https://www.ncbi.nlm.nih.gov/taxonomy/browser/wwwtax.cgi?id=412755,marine sediment metagenome,metagenome,http://purl.obolibrary.org/obo/ENVO_00002007,2022-12-12,BPNS_So_221212,Rune Lagaisse,https://orcid.org/0000-0001-9191-9140,flood_tide,micro,,1,,,24.61,Van Veen Grab,SoSOP3,,2022-12-14,MSO LifeWatch Lab -80 Freezer,-80,Rune Lagaisse,https://orcid.org/0000-0001-9191-9140,,,false,,2023-06-13,2023-06-19,-70,2024-04-17,2024-04-18,batch_4,false,,,EMOBON_BPNS_So_94
EMOBON-221212-BPNS-So3-Micro-R2,EMOBON metagenome sediment sample from station BPNS collected on 2022-12-12 community collected micro,https://www.ncbi.nlm.nih.gov/taxonomy/browser/wwwtax.cgi?id=412755,marine sediment metagenome,metagenome,http://purl.obolibrary.org/obo/ENVO_00002007,2022-12-12,BPNS_So_221212,Rune Lagaisse,https://orcid.org/0000-0001-9191-9140,flood_tide,micro,,2,,,24.61,Van Veen Grab,SoSOP3,,2022-12-14,MSO LifeWatch Lab -80 Freezer,-80,Rune Lagaisse,https://orcid.org/0000-0001-9191-9140,,,false,,2023-06-13,2023-06-19,-70,2024-04-17,2024-04-18,batch_4,false,,,EMOBON_BPNS_So_95
EMOBON-221212-BPNS-So3-Micro-R3,EMOBON metagenome sediment sample from station BPNS collected on 2022-12-12 community collected micro,https://www.ncbi.nlm.nih.gov/taxonomy/browser/wwwtax.cgi?id=412755,marine sediment metagenome,metagenome,http://purl.obolibrary.org/obo/ENVO_00002007,2022-12-12,BPNS_So_221212,Rune Lagaisse,https://orcid.org/0000-0001-9191-9140,flood_tide,micro,,3,,,24.61,Van Veen Grab,SoSOP3,,2022-12-14,MSO LifeWatch Lab -80 Freezer,-80,Rune Lagaisse,https://orcid.org/0000-0001-9191-9140,,,true,,,,,,,,,,,EMOBON_BPNS_So_96
EMOBON-221212-BPNS-So3-Micro-R4,EMOBON metagenome sediment sample from station BPNS collected on 2022-12-12 community collected micro,https://www.ncbi.nlm.nih.gov/taxonomy/browser/wwwtax.cgi?id=412755,marine sediment metagenome,metagenome,http://purl.obolibrary.org/obo/ENVO_00002007,2022-12-12,BPNS_So_221212,Rune Lagaisse,https://orcid.org/0000-0001-9191-9140,flood_tide,micro,,4,,,24.61,Van Veen Grab,SoSOP3,,2022-12-14,MSO LifeWatch Lab -80 Freezer,-80,Rune Lagaisse,https://orcid.org/0000-0001-9191-9140,,,true,,,,,,,,,,,EMOBON_BPNS_So_97
EMOBON-221212-BPNS-So3-Micro-B1,EMOBON metagenome sediment sample from station BPNS collected on 2022-12-12 community collected micro,https://www.ncbi.nlm.nih.gov/taxonomy/browser/wwwtax.cgi?id=256318,metagenome,metagenome,http://purl.obolibrary.org/obo/ENVO_00002007,2022-12-12,BPNS_So_221212,Rune Lagaisse,https://orcid.org/0000-0001-9191-9140,,micro,,blank_1,,,,,SoSOP3,,2022-12-14,MSO LifeWatch Lab -80 Freezer,-80,Rune Lagaisse,https://orcid.org/0000-0001-9191-9140,,,false,,,,,,,,,,,EMOBON_BPNS_So_98
EMOBON-221212-BPNS-So3-Micro-B2,EMOBON metagenome sediment sample from station BPNS collected on 2022-12-12 community collected micro,https://www.ncbi.nlm.nih.gov/taxonomy/browser/wwwtax.cgi?id=256318,metagenome,metagenome,http://purl.obolibrary.org/obo/ENVO_00002007,2022-12-12,BPNS_So_221212,Rune Lagaisse,https://orcid.org/0000-0001-9191-9140,,micro,,blank_2,,,,,SoSOP3,,2022-12-14,MSO LifeWatch Lab -80 Freezer,-80,Rune Lagaisse,https://orcid.org/0000-0001-9191-9140,,,false,,,,,,,,,,,EMOBON_BPNS_So_99
,,,,,,,,,,,,,,,,,,,,,,,,,,,,,,,,,,,,,,EMOBON_BPNS_So_239
,,,,,,,,,,,,,,,,,,,,,,,,,,,,,,,,,,,,,,EMOBON_BPNS_So_240
,,,,,,,,,,,,,,,,,,,,,,,,,,,,,,,,,,,,,,EMOBON_BPNS_So_241
,,,,,,,,,,,,,,,,,,,,,,,,,,,,,,,,,,,,,,EMOBON_BPNS_So_242
,,,,,,,,,,,,,,,,,,,,,,,,,,,,,,,,,,,,,,EMOBON_BPNS_So_243
,,,,,,,,,,,,,,,,,,,,,,,,,,,,,,,,,,,,,,EMOBON_BPNS_So_244
,,,,,,,,,,,,,,,,,,,,,,,,,,,,,,,,,,,,,,EMOBON_BPNS_So_245
,,,,,,,,,,,,,,,,,,,,,,,,,,,,,,,,,,,,,,EMOBON_BPNS_So_246
,,,,,,,,,,,,,,,,,,,,,,,,,,,,,,,,,,,,,,EMOBON_BPNS_So_247
,,,,,,,,,,,,,,,,,,,,,,,,,,,,,,,,,,,,,,EMOBON_BPNS_So_248
,,,,,,,,,,,,,,,,,,,,,,,,,,,,,,,,,,,,,,EMOBON_BPNS_So_249
,,,,,,,,,,,,,,,,,,,,,,,,,,,,,,,,,,,,,,EMOBON_BPNS_So_250
,,,,,,,,,,,,,,,,,,,,,,,,,,,,,,,,,,,,,,EMOBON_BPNS_So_251
,,,,,,,,,,,,,,,,,,,,,,,,,,,,,,,,,,,,,,EMOBON_BPNS_So_252
,,,,,,,,,,,,,,,,,,,,,,,,,,,,,,,,,,,,,,EMOBON_BPNS_So_253
,,,,,,,,,,,,,,,,,,,,,,,,,,,,,,,,,,,,,,EMOBON_BPNS_So_254
,,,,,,,,,,,,,,,,,,,,,,,,,,,,,,,,,,,,,,EMOBON_BPNS_So_255
,,,,,,,,,,,,,,,,,,,,,,,,,,,,,,,,,,,,,,EMOBON_BPNS_So_256
,,,,,,,,,,,,,,,,,,,,,,,,,,,,,,,,,,,,,,EMOBON_BPNS_So_257
,,,,,,,,,,,,,,,,,,,,,,,,,,,,,,,,,,,,,,EMOBON_BPNS_So_258
,,,,,,,,,,,,,,,,,,,,,,,,,,,,,,,,,,,,,,EMOBON_BPNS_So_259
,,,,,,,,,,,,,,,,,,,,,,,,,,,,,,,,,,,,,,EMOBON_BPNS_So_260
,,,,,,,,,,,,,,,,,,,,,,,,,,,,,,,,,,,,,,EMOBON_BPNS_So_261
,,,,,,,,,,,,,,,,,,,,,,,,,,,,,,,,,,,,,,EMOBON_BPNS_So_262
,,,,,,,,,,,,,,,,,,,,,,,,,,,,,,,,,,,,,,EMOBON_BPNS_So_263
,,,,,,,,,,,,,,,,,,,,,,,,,,,,,,,,,,,,,,EMOBON_BPNS_So_264
,,,,,,,,,,,,,,,,,,,,,,,,,,,,,,,,,,,,,,EMOBON_BPNS_So_265
,,,,,,,,,,,,,,,,,,,,,,,,,,,,,,,,,,,,,,EMOBON_BPNS_So_266
,,,,,,,,,,,,,,,,,,,,,,,,,,,,,,,,,,,,,,EMOBON_BPNS_So_267
,,,,,,,,,,,,,,,,,,,,,,,,,,,,,,,,,,,,,,EMOBON_BPNS_So_268
,,,,,,,,,,,,,,,,,,,,,,,,,,,,,,,,,,,,,,EMOBON_BPNS_So_269
,,,,,,,,,,,,,,,,,,,,,,,,,,,,,,,,,,,,,,EMOBON_BPNS_So_270
,,,,,,,,,,,,,,,,,,,,,,,,,,,,,,,,,,,,,,EMOBON_BPNS_So_271
,,,,,,,,,,,,,,,,,,,,,,,,,,,,,,,,,,,,,,EMOBON_BPNS_So_272
,,,,,,,,,,,,,,,,,,,,,,,,,,,,,,,,,,,,,,EMOBON_BPNS_So_273
,,,,,,,,,,,,,,,,,,,,,,,,,,,,,,,,,,,,,,EMOBON_BPNS_So_274
,,,,,,,,,,,,,,,,,,,,,,,,,,,,,,,,,,,,,,EMOBON_BPNS_So_275
,,,,,,,,,,,,,,,,,,,,,,,,,,,,,,,,,,,,,,EMOBON_BPNS_So_276
,,,,,,,,,,,,,,,,,,,,,,,,,,,,,,,,,,,,,,EMOBON_BPNS_So_277
,,,,,,,,,,,,,,,,,,,,,,,,,,,,,,,,,,,,,,EMOBON_BPNS_So_278
,,,,,,,,,,,,,,,,,,,,,,,,,,,,,,,,,,,,,,EMOBON_BPNS_So_279
,,,,,,,,,,,,,,,,,,,,,,,,,,,,,,,,,,,,,,EMOBON_BPNS_So_280
,,,,,,,,,,,,,,,,,,,,,,,,,,,,,,,,,,,,,,EMOBON_BPNS_So_281
,,,,,,,,,,,,,,,,,,,,,,,,,,,,,,,,,,,,,,EMOBON_BPNS_So_282
,,,,,,,,,,,,,,,,,,,,,,,,,,,,,,,,,,,,,,EMOBON_BPNS_So_283
,,,,,,,,,,,,,,,,,,,,,,,,,,,,,,,,,,,,,,EMOBON_BPNS_So_284
,,,,,,,,,,,,,,,,,,,,,,,,,,,,,,,,,,,,,,EMOBON_BPNS_So_285
,,,,,,,,,,,,,,,,,,,,,,,,,,,,,,,,,,,,,,EMOBON_BPNS_So_286
,,,,,,,,,,,,,,,,,,,,,,,,,,,,,,,,,,,,,,EMOBON_BPNS_So_287
,,,,,,,,,,,,,,,,,,,,,,,,,,,,,,,,,,,,,,EMOBON_BPNS_So_288
,,,,,,,,,,,,,,,,,,,,,,,,,,,,,,,,,,,,,,EMOBON_BPNS_So_289
,,,,,,,,,,,,,,,,,,,,,,,,,,,,,,,,,,,,,,EMOBON_BPNS_So_290
,,,,,,,,,,,,,,,,,,,,,,,,,,,,,,,,,,,,,,EMOBON_BPNS_So_291
,,,,,,,,,,,,,,,,,,,,,,,,,,,,,,,,,,,,,,EMOBON_BPNS_So_292
,,,,,,,,,,,,,,,,,,,,,,,,,,,,,,,,,,,,,,EMOBON_BPNS_So_293
,,,,,,,,,,,,,,,,,,,,,,,,,,,,,,,,,,,,,,EMOBON_BPNS_So_294
,,,,,,,,,,,,,,,,,,,,,,,,,,,,,,,,,,,,,,EMOBON_BPNS_So_295
,,,,,,,,,,,,,,,,,,,,,,,,,,,,,,,,,,,,,,EMOBON_BPNS_So_296
,,,,,,,,,,,,,,,,,,,,,,,,,,,,,,,,,,,,,,EMOBON_BPNS_So_297
,,,,,,,,,,,,,,,,,,,,,,,,,,,,,,,,,,,,,,EMOBON_BPNS_So_298
,,,,,,,,,,,,,,,,,,,,,,,,,,,,,,,,,,,,,,EMOBON_BPNS_So_299
,,,,,,,,,,,,,,,,,,,,,,,,,,,,,,,,,,,,,,EMOBON_BPNS_So_300
,,,,,,,,,,,,,,,,,,,,,,,,,,,,,,,,,,,,,,EMOBON_BPNS_So_301
,,,,,,,,,,,,,,,,,,,,,,,,,,,,,,,,,,,,,,EMOBON_BPNS_So_302
,,,,,,,,,,,,,,,,,,,,,,,,,,,,,,,,,,,,,,EMOBON_BPNS_So_303
,,,,,,,,,,,,,,,,,,,,,,,,,,,,,,,,,,,,,,EMOBON_BPNS_So_304
,,,,,,,,,,,,,,,,,,,,,,,,,,,,,,,,,,,,,,EMOBON_BPNS_So_305
,,,,,,,,,,,,,,,,,,,,,,,,,,,,,,,,,,,,,,EMOBON_BPNS_So_306
,,,,,,,,,,,,,,,,,,,,,,,,,,,,,,,,,,,,,,EMOBON_BPNS_So_307
,,,,,,,,,,,,,,,,,,,,,,,,,,,,,,,,,,,,,,EMOBON_BPNS_So_308
,,,,,,,,,,,,,,,,,,,,,,,,,,,,,,,,,,,,,,EMOBON_BPNS_So_309
,,,,,,,,,,,,,,,,,,,,,,,,,,,,,,,,,,,,,,EMOBON_BPNS_So_310
,,,,,,,,,,,,,,,,,,,,,,,,,,,,,,,,,,,,,,EMOBON_BPNS_So_311
,,,,,,,,,,,,,,,,,,,,,,,,,,,,,,,,,,,,,,EMOBON_BPNS_So_312
,,,,,,,,,,,,,,,,,,,,,,,,,,,,,,,,,,,,,,EMOBON_BPNS_So_313
,,,,,,,,,,,,,,,,,,,,,,,,,,,,,,,,,,,,,,EMOBON_BPNS_So_314
,,,,,,,,,,,,,,,,,,,,,,,,,,,,,,,,,,,,,,EMOBON_BPNS_So_315
,,,,,,,,,,,,,,,,,,,,,,,,,,,,,,,,,,,,,,EMOBON_BPNS_So_316
,,,,,,,,,,,,,,,,,,,,,,,,,,,,,,,,,,,,,,EMOBON_BPNS_So_317
,,,,,,,,,,,,,,,,,,,,,,,,,,,,,,,,,,,,,,EMOBON_BPNS_So_318
,,,,,,,,,,,,,,,,,,,,,,,,,,,,,,,,,,,,,,EMOBON_BPNS_So_319
,,,,,,,,,,,,,,,,,,,,,,,,,,,,,,,,,,,,,,EMOBON_BPNS_So_320
,,,,,,,,,,,,,,,,,,,,,,,,,,,,,,,,,,,,,,EMOBON_BPNS_So_321
,,,,,,,,,,,,,,,,,,,,,,,,,,,,,,,,,,,,,,EMOBON_BPNS_So_322
,,,,,,,,,,,,,,,,,,,,,,,,,,,,,,,,,,,,,,EMOBON_BPNS_So_323
,,,,,,,,,,,,,,,,,,,,,,,,,,,,,,,,,,,,,,EMOBON_BPNS_So_324
,,,,,,,,,,,,,,,,,,,,,,,,,,,,,,,,,,,,,,EMOBON_BPNS_So_325
,,,,,,,,,,,,,,,,,,,,,,,,,,,,,,,,,,,,,,EMOBON_BPNS_So_326
,,,,,,,,,,,,,,,,,,,,,,,,,,,,,,,,,,,,,,EMOBON_BPNS_So_327
,,,,,,,,,,,,,,,,,,,,,,,,,,,,,,,,,,,,,,EMOBON_BPNS_So_328
,,,,,,,,,,,,,,,,,,,,,,,,,,,,,,,,,,,,,,EMOBON_BPNS_So_329
,,,,,,,,,,,,,,,,,,,,,,,,,,,,,,,,,,,,,,EMOBON_BPNS_So_330
,,,,,,,,,,,,,,,,,,,,,,,,,,,,,,,,,,,,,,EMOBON_BPNS_So_331
,,,,,,,,,,,,,,,,,,,,,,,,,,,,,,,,,,,,,,EMOBON_BPNS_So_332
,,,,,,,,,,,,,,,,,,,,,,,,,,,,,,,,,,,,,,EMOBON_BPNS_So_333
,,,,,,,,,,,,,,,,,,,,,,,,,,,,,,,,,,,,,,EMOBON_BPNS_So_334
,,,,,,,,,,,,,,,,,,,,,,,,,,,,,,,,,,,,,,EMOBON_BPNS_So_335
,,,,,,,,,,,,,,,,,,,,,,,,,,,,,,,,,,,,,,EMOBON_BPNS_So_336
,,,,,,,,,,,,,,,,,,,,,,,,,,,,,,,,,,,,,,EMOBON_BPNS_So_337
,,,,,,,,,,,,,,,,,,,,,,,,,,,,,,,,,,,,,,EMOBON_BPNS_So_338
,,,,,,,,,,,,,,,,,,,,,,,,,,,,,,,,,,,,,,EMOBON_BPNS_So_339
,,,,,,,,,,,,,,,,,,,,,,,,,,,,,,,,,,,,,,EMOBON_BPNS_So_340
,,,,,,,,,,,,,,,,,,,,,,,,,,,,,,,,,,,,,,EMOBON_BPNS_So_341
,,,,,,,,,,,,,,,,,,,,,,,,,,,,,,,,,,,,,,EMOBON_BPNS_So_342
