source_mat_id_orig,source_mat_id,chlorophyll,chlorophyll_method,sea_surf_temp,sea_surf_temp_method,sea_subsurf_temp,sea_subsurf_temp_method,sea_surf_salinity,sea_surf_salinity_method,sea_subsurf_salinity,sea_subsurf_salinity_method,alkalinity,alkalinity_method,ammonium,ammonium_method,bac_prod,bac_prod_method,biomass,biomass_method,chem_administration,conduc,conduc_method,density,density_method,diss_carb_dioxide,diss_carb_dioxide_method,diss_inorg_carb,diss_inorg_carb_method,diss_org_carb,diss_org_carb_method,diss_org_nitro,diss_org_nitro_method,diss_oxygen,diss_oxygen_method,down_par,down_par_method,n_alkanes,n_alkanes_method,nitrate,nitrate_method,nitrite,nitrite_method,organism_count,organism_count_method,ph,ph_method,part_org_carb,part_org_carb_method,part_org_nitro,part_org_nitro_method,petroleum_hydrocarb,petroleum_hydrocarb_method,phaeopigments,phaeopigments_method,phosphate,phosphate_method,pigments,pigments_method,pressure,pressure_method,primary_prod,primary_prod_method,silicate,silicate_method,sulfate,sulfate_method,sulfide,sulfide_method,turbidity,turbidity_method,water_current,water_current_method
EMOBON 210701 330 WaSOP1 3um R1,EMOBON_BPNS_Wa_1,,HPLC,16.848,CTD,16.817,CTD,33.088,CTD,32.979,CTD,,,,,,,,,,42.401,CTD,1.024011,CTD,,,,,,,,,7.49,CTD,,,,,3.03,SEAL QuAAtro analysis system + Skalar AutoAnalyser system,0.2,SEAL QuAAtro analysis system + Skalar AutoAnalyser system,,,,,,,,,,,,,,,,,0.99965457685,CTD,,,-0.53,SEAL QuAAtro analysis system + Skalar AutoAnalyser system,,,,,,,,
EMOBON 210701 330 WaSOP1 3um R2,EMOBON_BPNS_Wa_2,,HPLC,16.848,CTD,16.817,CTD,33.088,CTD,32.979,CTD,,,,,,,,,,42.401,CTD,1.024011,CTD,,,,,,,,,7.49,CTD,,,,,3.03,SEAL QuAAtro analysis system + Skalar AutoAnalyser system,0.2,SEAL QuAAtro analysis system + Skalar AutoAnalyser system,,,,,,,,,,,,,,,,,0.99965457685,CTD,,,-0.53,SEAL QuAAtro analysis system + Skalar AutoAnalyser system,,,,,,,,
EMOBON 210701 330 WaSOP1 3um R3,EMOBON_BPNS_Wa_3,,HPLC,16.848,CTD,16.817,CTD,33.088,CTD,32.979,CTD,,,,,,,,,,42.401,CTD,1.024011,CTD,,,,,,,,,7.49,CTD,,,,,3.03,SEAL QuAAtro analysis system + Skalar AutoAnalyser system,0.2,SEAL QuAAtro analysis system + Skalar AutoAnalyser system,,,,,,,,,,,,,,,,,0.99965457685,CTD,,,-0.53,SEAL QuAAtro analysis system + Skalar AutoAnalyser system,,,,,,,,
EMOBON 210701 330 WaSOP1 3um R4,EMOBON_BPNS_Wa_4,,HPLC,16.848,CTD,16.817,CTD,33.088,CTD,32.979,CTD,,,,,,,,,,42.401,CTD,1.024011,CTD,,,,,,,,,7.49,CTD,,,,,3.03,SEAL QuAAtro analysis system + Skalar AutoAnalyser system,0.2,SEAL QuAAtro analysis system + Skalar AutoAnalyser system,,,,,,,,,,,,,,,,,0.99965457685,CTD,,,-0.53,SEAL QuAAtro analysis system + Skalar AutoAnalyser system,,,,,,,,
EMOBON 210701 330 WaSOP1 3um Blank,EMOBON_BPNS_Wa_5,,,,,,,,,,,,,,,,,,,,,,,,,,,,,,,,,,,,,,,,,,,,,,,,,,,,,,,,,,,,,,,,,,,,,,,
EMOBON 210701 330 WaSOP1 0.2um R2,EMOBON_BPNS_Wa_6,,HPLC,16.848,CTD,16.817,CTD,33.088,CTD,32.979,CTD,,,,,,,,,,42.401,CTD,1.024011,CTD,,,,,,,,,7.49,CTD,,,,,3.03,SEAL QuAAtro analysis system + Skalar AutoAnalyser system,0.2,SEAL QuAAtro analysis system + Skalar AutoAnalyser system,,,,,,,,,,,,,,,,,0.99965457685,CTD,,,-0.53,SEAL QuAAtro analysis system + Skalar AutoAnalyser system,,,,,,,,
EMOBON 210701 330 WaSOP1 0.2um R1,EMOBON_BPNS_Wa_7,,HPLC,16.848,CTD,16.817,CTD,33.088,CTD,32.979,CTD,,,,,,,,,,42.401,CTD,1.024011,CTD,,,,,,,,,7.49,CTD,,,,,3.03,SEAL QuAAtro analysis system + Skalar AutoAnalyser system,0.2,SEAL QuAAtro analysis system + Skalar AutoAnalyser system,,,,,,,,,,,,,,,,,0.99965457685,CTD,,,-0.53,SEAL QuAAtro analysis system + Skalar AutoAnalyser system,,,,,,,,
EMOBON 210701 330 WaSOP1 0.2um R3,EMOBON_BPNS_Wa_8,,HPLC,16.848,CTD,16.817,CTD,33.088,CTD,32.979,CTD,,,,,,,,,,42.401,CTD,1.024011,CTD,,,,,,,,,7.49,CTD,,,,,3.03,SEAL QuAAtro analysis system + Skalar AutoAnalyser system,0.2,SEAL QuAAtro analysis system + Skalar AutoAnalyser system,,,,,,,,,,,,,,,,,0.99965457685,CTD,,,-0.53,SEAL QuAAtro analysis system + Skalar AutoAnalyser system,,,,,,,,
EMOBON 210701 330 WaSOP1 0.2um R4,EMOBON_BPNS_Wa_9,,HPLC,16.848,CTD,16.817,CTD,33.088,CTD,32.979,CTD,,,,,,,,,,42.401,CTD,1.024011,CTD,,,,,,,,,7.49,CTD,,,,,3.03,SEAL QuAAtro analysis system + Skalar AutoAnalyser system,0.2,SEAL QuAAtro analysis system + Skalar AutoAnalyser system,,,,,,,,,,,,,,,,,0.99965457685,CTD,,,-0.53,SEAL QuAAtro analysis system + Skalar AutoAnalyser system,,,,,,,,
EMOBON 210701 330 WaSOP1 0.2um Blank,EMOBON_BPNS_Wa_10,,,,,,,,,,,,,,,,,,,,,,,,,,,,,,,,,,,,,,,,,,,,,,,,,,,,,,,,,,,,,,,,,,,,,,,
EMOBON 210701 330 WaSOP2 20um R1,EMOBON_BPNS_Wa_11,,HPLC,16.848,CTD,16.817,CTD,33.088,CTD,32.979,CTD,,,,,,,,,,42.401,CTD,1.024011,CTD,,,,,,,,,7.49,CTD,,,,,3.03,SEAL QuAAtro analysis system + Skalar AutoAnalyser system,0.2,SEAL QuAAtro analysis system + Skalar AutoAnalyser system,,,,,,,,,,,,,,,,,0.99965457685,CTD,,,-0.53,SEAL QuAAtro analysis system + Skalar AutoAnalyser system,,,,,,,,
EMOBON 210701 330 WaSOP2 20um R2,EMOBON_BPNS_Wa_12,,HPLC,16.848,CTD,16.817,CTD,33.088,CTD,32.979,CTD,,,,,,,,,,42.401,CTD,1.024011,CTD,,,,,,,,,7.49,CTD,,,,,3.03,SEAL QuAAtro analysis system + Skalar AutoAnalyser system,0.2,SEAL QuAAtro analysis system + Skalar AutoAnalyser system,,,,,,,,,,,,,,,,,0.99965457685,CTD,,,-0.53,SEAL QuAAtro analysis system + Skalar AutoAnalyser system,,,,,,,,
EMOBON 210701 330 WaSOP2 20um R3,EMOBON_BPNS_Wa_13,,HPLC,16.848,CTD,16.817,CTD,33.088,CTD,32.979,CTD,,,,,,,,,,42.401,CTD,1.024011,CTD,,,,,,,,,7.49,CTD,,,,,3.03,SEAL QuAAtro analysis system + Skalar AutoAnalyser system,0.2,SEAL QuAAtro analysis system + Skalar AutoAnalyser system,,,,,,,,,,,,,,,,,0.99965457685,CTD,,,-0.53,SEAL QuAAtro analysis system + Skalar AutoAnalyser system,,,,,,,,
EMOBON 210701 330 WaSOP2 20um R4,EMOBON_BPNS_Wa_14,,HPLC,16.848,CTD,16.817,CTD,33.088,CTD,32.979,CTD,,,,,,,,,,42.401,CTD,1.024011,CTD,,,,,,,,,7.49,CTD,,,,,3.03,SEAL QuAAtro analysis system + Skalar AutoAnalyser system,0.2,SEAL QuAAtro analysis system + Skalar AutoAnalyser system,,,,,,,,,,,,,,,,,0.99965457685,CTD,,,-0.53,SEAL QuAAtro analysis system + Skalar AutoAnalyser system,,,,,,,,
EMOBON 210701 330 WaSOP2 20um Blank,EMOBON_BPNS_Wa_15,,,,,,,,,,,,,,,,,,,,,,,,,,,,,,,,,,,,,,,,,,,,,,,,,,,,,,,,,,,,,,,,,,,,,,,
EMOBON 210701 330 WaSOP3 200um R1,EMOBON_BPNS_Wa_16,,HPLC,16.848,CTD,16.817,CTD,33.088,CTD,32.979,CTD,,,,,,,,,,42.401,CTD,1.024011,CTD,,,,,,,,,7.49,CTD,,,,,3.03,SEAL QuAAtro analysis system + Skalar AutoAnalyser system,0.2,SEAL QuAAtro analysis system + Skalar AutoAnalyser system,,,,,,,,,,,,,,,,,0.99965457685,CTD,,,-0.53,SEAL QuAAtro analysis system + Skalar AutoAnalyser system,,,,,,,,
EMOBON 210701 330 WaSOP3 200um R2,EMOBON_BPNS_Wa_17,,HPLC,16.848,CTD,16.817,CTD,33.088,CTD,32.979,CTD,,,,,,,,,,42.401,CTD,1.024011,CTD,,,,,,,,,7.49,CTD,,,,,3.03,SEAL QuAAtro analysis system + Skalar AutoAnalyser system,0.2,SEAL QuAAtro analysis system + Skalar AutoAnalyser system,,,,,,,,,,,,,,,,,0.99965457685,CTD,,,-0.53,SEAL QuAAtro analysis system + Skalar AutoAnalyser system,,,,,,,,
EMOBON 210701 330 WaSOP3 200um R3,EMOBON_BPNS_Wa_18,,HPLC,16.848,CTD,16.817,CTD,33.088,CTD,32.979,CTD,,,,,,,,,,42.401,CTD,1.024011,CTD,,,,,,,,,7.49,CTD,,,,,3.03,SEAL QuAAtro analysis system + Skalar AutoAnalyser system,0.2,SEAL QuAAtro analysis system + Skalar AutoAnalyser system,,,,,,,,,,,,,,,,,0.99965457685,CTD,,,-0.53,SEAL QuAAtro analysis system + Skalar AutoAnalyser system,,,,,,,,
EMOBON 210701 330 WaSOP3 200um R4,EMOBON_BPNS_Wa_19,,HPLC,16.848,CTD,16.817,CTD,33.088,CTD,32.979,CTD,,,,,,,,,,42.401,CTD,1.024011,CTD,,,,,,,,,7.49,CTD,,,,,3.03,SEAL QuAAtro analysis system + Skalar AutoAnalyser system,0.2,SEAL QuAAtro analysis system + Skalar AutoAnalyser system,,,,,,,,,,,,,,,,,0.99965457685,CTD,,,-0.53,SEAL QuAAtro analysis system + Skalar AutoAnalyser system,,,,,,,,
EMOBON 210701 330 WaSOP3 200um Blank,EMOBON_BPNS_Wa_20,,,,,,,,,,,,,,,,,,,,,,,,,,,,,,,,,,,,,,,,,,,,,,,,,,,,,,,,,,,,,,,,,,,,,,,
EMOBON 210825 330 WaSOP1 3um R1,EMOBON_BPNS_Wa_21,7.009,HPLC,18.919,CTD,18.919,CTD,33.348,CTD,33.45,CTD,,,,,,,,,,44.968308,CTD,1.023729,CTD,,,,,,,,,7.19,CTD,,,,,1.75,SEAL QuAAtro analysis system + Skalar AutoAnalyser system,1.95,SEAL QuAAtro analysis system + Skalar AutoAnalyser system,,,,,,,,,,,,,,,,,1.01100419442,CTD,,,1.63,SEAL QuAAtro analysis system + Skalar AutoAnalyser system,,,,,,,,
EMOBON 210825 330 WaSOP1 3um R2,EMOBON_BPNS_Wa_22,7.009,HPLC,18.919,CTD,18.919,CTD,33.348,CTD,33.45,CTD,,,,,,,,,,44.968308,CTD,1.023729,CTD,,,,,,,,,7.19,CTD,,,,,1.75,SEAL QuAAtro analysis system + Skalar AutoAnalyser system,1.95,SEAL QuAAtro analysis system + Skalar AutoAnalyser system,,,,,,,,,,,,,,,,,1.01100419442,CTD,,,1.63,SEAL QuAAtro analysis system + Skalar AutoAnalyser system,,,,,,,,
EMOBON 210825 330 WaSOP1 3um R3,EMOBON_BPNS_Wa_23,7.009,HPLC,18.919,CTD,18.919,CTD,33.348,CTD,33.45,CTD,,,,,,,,,,44.968308,CTD,1.023729,CTD,,,,,,,,,7.19,CTD,,,,,1.75,SEAL QuAAtro analysis system + Skalar AutoAnalyser system,1.95,SEAL QuAAtro analysis system + Skalar AutoAnalyser system,,,,,,,,,,,,,,,,,1.01100419442,CTD,,,1.63,SEAL QuAAtro analysis system + Skalar AutoAnalyser system,,,,,,,,
EMOBON 210825 330 WaSOP1 3um R4,EMOBON_BPNS_Wa_24,7.009,HPLC,18.919,CTD,18.919,CTD,33.348,CTD,33.45,CTD,,,,,,,,,,44.968308,CTD,1.023729,CTD,,,,,,,,,7.19,CTD,,,,,1.75,SEAL QuAAtro analysis system + Skalar AutoAnalyser system,1.95,SEAL QuAAtro analysis system + Skalar AutoAnalyser system,,,,,,,,,,,,,,,,,1.01100419442,CTD,,,1.63,SEAL QuAAtro analysis system + Skalar AutoAnalyser system,,,,,,,,
EMOBON 210825 330 WaSOP1 3um Blank,EMOBON_BPNS_Wa_25,,,,,,,,,,,,,,,,,,,,,,,,,,,,,,,,,,,,,,,,,,,,,,,,,,,,,,,,,,,,,,,,,,,,,,,
EMOBON 210825 330 WaSOP1 0.2um R1,EMOBON_BPNS_Wa_26,7.009,HPLC,18.919,CTD,18.919,CTD,33.348,CTD,33.45,CTD,,,,,,,,,,44.968308,CTD,1.023729,CTD,,,,,,,,,7.19,CTD,,,,,1.75,SEAL QuAAtro analysis system + Skalar AutoAnalyser system,1.95,SEAL QuAAtro analysis system + Skalar AutoAnalyser system,,,,,,,,,,,,,,,,,1.01100419442,CTD,,,1.63,SEAL QuAAtro analysis system + Skalar AutoAnalyser system,,,,,,,,
EMOBON 210825 330 WaSOP1 0.2um R2,EMOBON_BPNS_Wa_27,7.009,HPLC,18.919,CTD,18.919,CTD,33.348,CTD,33.45,CTD,,,,,,,,,,44.968308,CTD,1.023729,CTD,,,,,,,,,7.19,CTD,,,,,1.75,SEAL QuAAtro analysis system + Skalar AutoAnalyser system,1.95,SEAL QuAAtro analysis system + Skalar AutoAnalyser system,,,,,,,,,,,,,,,,,1.01100419442,CTD,,,1.63,SEAL QuAAtro analysis system + Skalar AutoAnalyser system,,,,,,,,
EMOBON 210825 330 WaSOP1 0.2um R3,EMOBON_BPNS_Wa_28,7.009,HPLC,18.919,CTD,18.919,CTD,33.348,CTD,33.45,CTD,,,,,,,,,,44.968308,CTD,1.023729,CTD,,,,,,,,,7.19,CTD,,,,,1.75,SEAL QuAAtro analysis system + Skalar AutoAnalyser system,1.95,SEAL QuAAtro analysis system + Skalar AutoAnalyser system,,,,,,,,,,,,,,,,,1.01100419442,CTD,,,1.63,SEAL QuAAtro analysis system + Skalar AutoAnalyser system,,,,,,,,
EMOBON 210825 330 WaSOP1 0.2um R4,EMOBON_BPNS_Wa_29,7.009,HPLC,18.919,CTD,18.919,CTD,33.348,CTD,33.45,CTD,,,,,,,,,,44.968308,CTD,1.023729,CTD,,,,,,,,,7.19,CTD,,,,,1.75,SEAL QuAAtro analysis system + Skalar AutoAnalyser system,1.95,SEAL QuAAtro analysis system + Skalar AutoAnalyser system,,,,,,,,,,,,,,,,,1.01100419442,CTD,,,1.63,SEAL QuAAtro analysis system + Skalar AutoAnalyser system,,,,,,,,
EMOBON 210825 330 WaSOP1 0.2um Blank,EMOBON_BPNS_Wa_30,,,,,,,,,,,,,,,,,,,,,,,,,,,,,,,,,,,,,,,,,,,,,,,,,,,,,,,,,,,,,,,,,,,,,,,
EMOBON 210825 330 WaSOP2 20um R1,EMOBON_BPNS_Wa_31,7.009,HPLC,18.919,CTD,18.919,CTD,33.348,CTD,33.45,CTD,,,,,,,,,,44.968308,CTD,1.023729,CTD,,,,,,,,,7.19,CTD,,,,,1.75,SEAL QuAAtro analysis system + Skalar AutoAnalyser system,1.95,SEAL QuAAtro analysis system + Skalar AutoAnalyser system,,,,,,,,,,,,,,,,,1.01100419442,CTD,,,1.63,SEAL QuAAtro analysis system + Skalar AutoAnalyser system,,,,,,,,
EMOBON 210825 330 WaSOP2 20um R2,EMOBON_BPNS_Wa_32,7.009,HPLC,18.919,CTD,18.919,CTD,33.348,CTD,33.45,CTD,,,,,,,,,,44.968308,CTD,1.023729,CTD,,,,,,,,,7.19,CTD,,,,,1.75,SEAL QuAAtro analysis system + Skalar AutoAnalyser system,1.95,SEAL QuAAtro analysis system + Skalar AutoAnalyser system,,,,,,,,,,,,,,,,,1.01100419442,CTD,,,1.63,SEAL QuAAtro analysis system + Skalar AutoAnalyser system,,,,,,,,
EMOBON 210825 330 WaSOP2 20um R3,EMOBON_BPNS_Wa_33,7.009,HPLC,18.919,CTD,18.919,CTD,33.348,CTD,33.45,CTD,,,,,,,,,,44.968308,CTD,1.023729,CTD,,,,,,,,,7.19,CTD,,,,,1.75,SEAL QuAAtro analysis system + Skalar AutoAnalyser system,1.95,SEAL QuAAtro analysis system + Skalar AutoAnalyser system,,,,,,,,,,,,,,,,,1.01100419442,CTD,,,1.63,SEAL QuAAtro analysis system + Skalar AutoAnalyser system,,,,,,,,
EMOBON 210825 330 WaSOP2 20um R4,EMOBON_BPNS_Wa_34,7.009,HPLC,18.919,CTD,18.919,CTD,33.348,CTD,33.45,CTD,,,,,,,,,,44.968308,CTD,1.023729,CTD,,,,,,,,,7.19,CTD,,,,,1.75,SEAL QuAAtro analysis system + Skalar AutoAnalyser system,1.95,SEAL QuAAtro analysis system + Skalar AutoAnalyser system,,,,,,,,,,,,,,,,,1.01100419442,CTD,,,1.63,SEAL QuAAtro analysis system + Skalar AutoAnalyser system,,,,,,,,
EMOBON 210825 330 WaSOP2 20um Blank,EMOBON_BPNS_Wa_35,,,,,,,,,,,,,,,,,,,,,,,,,,,,,,,,,,,,,,,,,,,,,,,,,,,,,,,,,,,,,,,,,,,,,,,
EMOBON 210825 330 WaSOP3 200um R1,EMOBON_BPNS_Wa_36,7.009,HPLC,18.919,CTD,18.919,CTD,33.348,CTD,33.45,CTD,,,,,,,,,,44.968308,CTD,1.023729,CTD,,,,,,,,,7.19,CTD,,,,,1.75,SEAL QuAAtro analysis system + Skalar AutoAnalyser system,1.95,SEAL QuAAtro analysis system + Skalar AutoAnalyser system,,,,,,,,,,,,,,,,,1.01100419442,CTD,,,1.63,SEAL QuAAtro analysis system + Skalar AutoAnalyser system,,,,,,,,
EMOBON 210825 330 WaSOP3 200um R2,EMOBON_BPNS_Wa_37,7.009,HPLC,18.919,CTD,18.919,CTD,33.348,CTD,33.45,CTD,,,,,,,,,,44.968308,CTD,1.023729,CTD,,,,,,,,,7.19,CTD,,,,,1.75,SEAL QuAAtro analysis system + Skalar AutoAnalyser system,1.95,SEAL QuAAtro analysis system + Skalar AutoAnalyser system,,,,,,,,,,,,,,,,,1.01100419442,CTD,,,1.63,SEAL QuAAtro analysis system + Skalar AutoAnalyser system,,,,,,,,
EMOBON 210825 330 WaSOP3 200um R3,EMOBON_BPNS_Wa_38,7.009,HPLC,18.919,CTD,18.919,CTD,33.348,CTD,33.45,CTD,,,,,,,,,,44.968308,CTD,1.023729,CTD,,,,,,,,,7.19,CTD,,,,,1.75,SEAL QuAAtro analysis system + Skalar AutoAnalyser system,1.95,SEAL QuAAtro analysis system + Skalar AutoAnalyser system,,,,,,,,,,,,,,,,,1.01100419442,CTD,,,1.63,SEAL QuAAtro analysis system + Skalar AutoAnalyser system,,,,,,,,
EMOBON 210825 330 WaSOP3 200um R4,EMOBON_BPNS_Wa_39,7.009,HPLC,18.919,CTD,18.919,CTD,33.348,CTD,33.45,CTD,,,,,,,,,,44.968308,CTD,1.023729,CTD,,,,,,,,,7.19,CTD,,,,,1.75,SEAL QuAAtro analysis system + Skalar AutoAnalyser system,1.95,SEAL QuAAtro analysis system + Skalar AutoAnalyser system,,,,,,,,,,,,,,,,,1.01100419442,CTD,,,1.63,SEAL QuAAtro analysis system + Skalar AutoAnalyser system,,,,,,,,
EMOBON 210825 330 WaSOP3 200um Blank,EMOBON_BPNS_Wa_40,,,,,,,,,,,,,,,,,,,,,,,,,,,,,,,,,,,,,,,,,,,,,,,,,,,,,,,,,,,,,,,,,,,,,,,
EMOBON 211028 BPNS Wa 3 R1,EMOBON_BPNS_Wa_41,,HPLC,14.097,CTD,14.088,CTD,33.855,CTD,33.846,CTD,,,,,,,,,,40.7024,CTD,1.025277,CTD,,,,,,,,,8.14,CTD,,,,,4.37,SEAL QuAAtro analysis system + Skalar AutoAnalyser system,0.42,SEAL QuAAtro analysis system + Skalar AutoAnalyser system,,,,,,,,,,,,,,,,,1.00014803849,CTD,,,Expected 12-2024,SEAL QuAAtro analysis system + Skalar AutoAnalyser system,,,,,,,,
EMOBON 211028 BPNS Wa 3 R2,EMOBON_BPNS_Wa_42,,HPLC,14.097,CTD,14.088,CTD,33.855,CTD,33.846,CTD,,,,,,,,,,40.7024,CTD,1.025277,CTD,,,,,,,,,8.14,CTD,,,,,4.37,SEAL QuAAtro analysis system + Skalar AutoAnalyser system,0.42,SEAL QuAAtro analysis system + Skalar AutoAnalyser system,,,,,,,,,,,,,,,,,1.00014803849,CTD,,,Expected 12-2024,SEAL QuAAtro analysis system + Skalar AutoAnalyser system,,,,,,,,
EMOBON 211028 BPNS Wa 3 R3,EMOBON_BPNS_Wa_43,,HPLC,14.097,CTD,14.088,CTD,33.855,CTD,33.846,CTD,,,,,,,,,,40.7024,CTD,1.025277,CTD,,,,,,,,,8.14,CTD,,,,,4.37,SEAL QuAAtro analysis system + Skalar AutoAnalyser system,0.42,SEAL QuAAtro analysis system + Skalar AutoAnalyser system,,,,,,,,,,,,,,,,,1.00014803849,CTD,,,Expected 12-2024,SEAL QuAAtro analysis system + Skalar AutoAnalyser system,,,,,,,,
EMOBON 211028 BPNS Wa 3 R4,EMOBON_BPNS_Wa_44,,HPLC,14.097,CTD,14.088,CTD,33.855,CTD,33.846,CTD,,,,,,,,,,40.7024,CTD,1.025277,CTD,,,,,,,,,8.14,CTD,,,,,4.37,SEAL QuAAtro analysis system + Skalar AutoAnalyser system,0.42,SEAL QuAAtro analysis system + Skalar AutoAnalyser system,,,,,,,,,,,,,,,,,1.00014803849,CTD,,,Expected 12-2024,SEAL QuAAtro analysis system + Skalar AutoAnalyser system,,,,,,,,
EMOBON 211028 BPNS Wa 3 Blank,EMOBON_BPNS_Wa_45,,,,,,,,,,,,,,,,,,,,,,,,,,,,,,,,,,,,,,,,,,,,,,,,,,,,,,,,,,,,,,,,,,,,,,,
EMOBON 211028 BPNS Wa 0.2 R1,EMOBON_BPNS_Wa_46,,HPLC,14.097,CTD,14.088,CTD,33.855,CTD,33.846,CTD,,,,,,,,,,40.7024,CTD,1.025277,CTD,,,,,,,,,8.14,CTD,,,,,4.37,SEAL QuAAtro analysis system + Skalar AutoAnalyser system,0.42,SEAL QuAAtro analysis system + Skalar AutoAnalyser system,,,,,,,,,,,,,,,,,1.00014803849,CTD,,,Expected 12-2024,SEAL QuAAtro analysis system + Skalar AutoAnalyser system,,,,,,,,
EMOBON 211028 BPNS Wa 0.2 R2,EMOBON_BPNS_Wa_47,,HPLC,14.097,CTD,14.088,CTD,33.855,CTD,33.846,CTD,,,,,,,,,,40.7024,CTD,1.025277,CTD,,,,,,,,,8.14,CTD,,,,,4.37,SEAL QuAAtro analysis system + Skalar AutoAnalyser system,0.42,SEAL QuAAtro analysis system + Skalar AutoAnalyser system,,,,,,,,,,,,,,,,,1.00014803849,CTD,,,Expected 12-2024,SEAL QuAAtro analysis system + Skalar AutoAnalyser system,,,,,,,,
EMOBON 211028 BPNS Wa 0.2 R3,EMOBON_BPNS_Wa_48,,HPLC,14.097,CTD,14.088,CTD,33.855,CTD,33.846,CTD,,,,,,,,,,40.7024,CTD,1.025277,CTD,,,,,,,,,8.14,CTD,,,,,4.37,SEAL QuAAtro analysis system + Skalar AutoAnalyser system,0.42,SEAL QuAAtro analysis system + Skalar AutoAnalyser system,,,,,,,,,,,,,,,,,1.00014803849,CTD,,,Expected 12-2024,SEAL QuAAtro analysis system + Skalar AutoAnalyser system,,,,,,,,
EMOBON 211028 BPNS Wa 0.2 R4,EMOBON_BPNS_Wa_49,,HPLC,14.097,CTD,14.088,CTD,33.855,CTD,33.846,CTD,,,,,,,,,,40.7024,CTD,1.025277,CTD,,,,,,,,,8.14,CTD,,,,,4.37,SEAL QuAAtro analysis system + Skalar AutoAnalyser system,0.42,SEAL QuAAtro analysis system + Skalar AutoAnalyser system,,,,,,,,,,,,,,,,,1.00014803849,CTD,,,Expected 12-2024,SEAL QuAAtro analysis system + Skalar AutoAnalyser system,,,,,,,,
EMOBON 211028 BPNS Wa 0.2 Blank,EMOBON_BPNS_Wa_50,,,,,,,,,,,,,,,,,,,,,,,,,,,,,,,,,,,,,,,,,,,,,,,,,,,,,,,,,,,,,,,,,,,,,,,
EMOBON 211028 BPNS Wa 20 R1,EMOBON_BPNS_Wa_51,,HPLC,14.097,CTD,14.088,CTD,33.855,CTD,33.846,CTD,,,,,,,,,,40.7024,CTD,1.025277,CTD,,,,,,,,,8.14,CTD,,,,,4.37,SEAL QuAAtro analysis system + Skalar AutoAnalyser system,0.42,SEAL QuAAtro analysis system + Skalar AutoAnalyser system,,,,,,,,,,,,,,,,,1.00014803849,CTD,,,Expected 12-2024,SEAL QuAAtro analysis system + Skalar AutoAnalyser system,,,,,,,,
EMOBON 211028 BPNS Wa 20 R2,EMOBON_BPNS_Wa_52,,HPLC,14.097,CTD,14.088,CTD,33.855,CTD,33.846,CTD,,,,,,,,,,40.7024,CTD,1.025277,CTD,,,,,,,,,8.14,CTD,,,,,4.37,SEAL QuAAtro analysis system + Skalar AutoAnalyser system,0.42,SEAL QuAAtro analysis system + Skalar AutoAnalyser system,,,,,,,,,,,,,,,,,1.00014803849,CTD,,,Expected 12-2024,SEAL QuAAtro analysis system + Skalar AutoAnalyser system,,,,,,,,
EMOBON 211028 BPNS Wa 20 R3,EMOBON_BPNS_Wa_53,,HPLC,14.097,CTD,14.088,CTD,33.855,CTD,33.846,CTD,,,,,,,,,,40.7024,CTD,1.025277,CTD,,,,,,,,,8.14,CTD,,,,,4.37,SEAL QuAAtro analysis system + Skalar AutoAnalyser system,0.42,SEAL QuAAtro analysis system + Skalar AutoAnalyser system,,,,,,,,,,,,,,,,,1.00014803849,CTD,,,Expected 12-2024,SEAL QuAAtro analysis system + Skalar AutoAnalyser system,,,,,,,,
EMOBON 211028 BPNS Wa 20 R4,EMOBON_BPNS_Wa_54,,HPLC,14.097,CTD,14.088,CTD,33.855,CTD,33.846,CTD,,,,,,,,,,40.7024,CTD,1.025277,CTD,,,,,,,,,8.14,CTD,,,,,4.37,SEAL QuAAtro analysis system + Skalar AutoAnalyser system,0.42,SEAL QuAAtro analysis system + Skalar AutoAnalyser system,,,,,,,,,,,,,,,,,1.00014803849,CTD,,,Expected 12-2024,SEAL QuAAtro analysis system + Skalar AutoAnalyser system,,,,,,,,
EMOBON 211028 BPNS Wa 20 Blank,EMOBON_BPNS_Wa_55,,,,,,,,,,,,,,,,,,,,,,,,,,,,,,,,,,,,,,,,,,,,,,,,,,,,,,,,,,,,,,,,,,,,,,,
EMOBON 211028 BPNS Wa 200 R1,EMOBON_BPNS_Wa_56,,HPLC,14.097,CTD,14.088,CTD,33.855,CTD,33.846,CTD,,,,,,,,,,40.7024,CTD,1.025277,CTD,,,,,,,,,8.14,CTD,,,,,4.37,SEAL QuAAtro analysis system + Skalar AutoAnalyser system,0.42,SEAL QuAAtro analysis system + Skalar AutoAnalyser system,,,,,,,,,,,,,,,,,1.00014803849,CTD,,,Expected 12-2024,SEAL QuAAtro analysis system + Skalar AutoAnalyser system,,,,,,,,
EMOBON 211028 BPNS Wa 200 R2,EMOBON_BPNS_Wa_57,,HPLC,14.097,CTD,14.088,CTD,33.855,CTD,33.846,CTD,,,,,,,,,,40.7024,CTD,1.025277,CTD,,,,,,,,,8.14,CTD,,,,,4.37,SEAL QuAAtro analysis system + Skalar AutoAnalyser system,0.42,SEAL QuAAtro analysis system + Skalar AutoAnalyser system,,,,,,,,,,,,,,,,,1.00014803849,CTD,,,Expected 12-2024,SEAL QuAAtro analysis system + Skalar AutoAnalyser system,,,,,,,,
EMOBON 211028 BPNS Wa 200 R3,EMOBON_BPNS_Wa_58,,HPLC,14.097,CTD,14.088,CTD,33.855,CTD,33.846,CTD,,,,,,,,,,40.7024,CTD,1.025277,CTD,,,,,,,,,8.14,CTD,,,,,4.37,SEAL QuAAtro analysis system + Skalar AutoAnalyser system,0.42,SEAL QuAAtro analysis system + Skalar AutoAnalyser system,,,,,,,,,,,,,,,,,1.00014803849,CTD,,,Expected 12-2024,SEAL QuAAtro analysis system + Skalar AutoAnalyser system,,,,,,,,
EMOBON 211028 BPNS Wa 200 R4,EMOBON_BPNS_Wa_59,,HPLC,14.097,CTD,14.088,CTD,33.855,CTD,33.846,CTD,,,,,,,,,,40.7024,CTD,1.025277,CTD,,,,,,,,,8.14,CTD,,,,,4.37,SEAL QuAAtro analysis system + Skalar AutoAnalyser system,0.42,SEAL QuAAtro analysis system + Skalar AutoAnalyser system,,,,,,,,,,,,,,,,,1.00014803849,CTD,,,Expected 12-2024,SEAL QuAAtro analysis system + Skalar AutoAnalyser system,,,,,,,,
EMOBON 211028 BPNS Wa 200 Blank,EMOBON_BPNS_Wa_60,,,,,,,,,,,,,,,,,,,,,,,,,,,,,,,,,,,,,,,,,,,,,,,,,,,,,,,,,,,,,,,,,,,,,,,
EMOBON 211223 BPNS Wa 3 R1,EMOBON_BPNS_Wa_61,0.539,HPLC,,CTD broke and sea surface temperature could not be measured,,CTD broke and sea subsurface  temperature could not be measured,,CTD broke and sea surface salinity  could not be measured,,CTD broke and sea subsurface salinity could not be measured,,,,,,,,,,,CTD broke and conductivity could not be measured,,,,,,,,,,,,CTD broke and dissolved oxygen could not be measured,,,,,14.43,SEAL QuAAtro analysis system + Skalar AutoAnalyser system,0.45,SEAL QuAAtro analysis system + Skalar AutoAnalyser system,,,,,,,,,,,,,,,,,,CTD broke and pressure could not be measured,,,4.36,SEAL QuAAtro analysis system + Skalar AutoAnalyser system,,,,,,,,
EMOBON 211223 BPNS Wa 3 R2,EMOBON_BPNS_Wa_62,0.539,HPLC,,CTD broke and sea surface temperature could not be measured,,CTD broke and sea subsurface  temperature could not be measured,,CTD broke and sea surface salinity  could not be measured,,CTD broke and sea subsurface salinity could not be measured,,,,,,,,,,,CTD broke and conductivity could not be measured,,,,,,,,,,,,CTD broke and dissolved oxygen could not be measured,,,,,14.43,SEAL QuAAtro analysis system + Skalar AutoAnalyser system,0.45,SEAL QuAAtro analysis system + Skalar AutoAnalyser system,,,,,,,,,,,,,,,,,,CTD broke and pressure could not be measured,,,4.36,SEAL QuAAtro analysis system + Skalar AutoAnalyser system,,,,,,,,
EMOBON 211223 BPNS Wa 3 R3,EMOBON_BPNS_Wa_63,0.539,HPLC,,CTD broke and sea surface temperature could not be measured,,CTD broke and sea subsurface  temperature could not be measured,,CTD broke and sea surface salinity  could not be measured,,CTD broke and sea subsurface salinity could not be measured,,,,,,,,,,,CTD broke and conductivity could not be measured,,,,,,,,,,,,CTD broke and dissolved oxygen could not be measured,,,,,14.43,SEAL QuAAtro analysis system + Skalar AutoAnalyser system,0.45,SEAL QuAAtro analysis system + Skalar AutoAnalyser system,,,,,,,,,,,,,,,,,,CTD broke and pressure could not be measured,,,4.36,SEAL QuAAtro analysis system + Skalar AutoAnalyser system,,,,,,,,
EMOBON 211223 BPNS Wa 3 R4,EMOBON_BPNS_Wa_64,0.539,HPLC,,CTD broke and sea surface temperature could not be measured,,CTD broke and sea subsurface  temperature could not be measured,,CTD broke and sea surface salinity  could not be measured,,CTD broke and sea subsurface salinity could not be measured,,,,,,,,,,,CTD broke and conductivity could not be measured,,,,,,,,,,,,CTD broke and dissolved oxygen could not be measured,,,,,14.43,SEAL QuAAtro analysis system + Skalar AutoAnalyser system,0.45,SEAL QuAAtro analysis system + Skalar AutoAnalyser system,,,,,,,,,,,,,,,,,,CTD broke and pressure could not be measured,,,4.36,SEAL QuAAtro analysis system + Skalar AutoAnalyser system,,,,,,,,
EMOBON 211223 BPNS Wa 3 Blank,EMOBON_BPNS_Wa_65,,,,,,,,,,,,,,,,,,,,,,,,,,,,,,,,,,,,,,,,,,,,,,,,,,,,,,,,,,,,,,,,,,,,,,,
EMOBON 211223 BPNS Wa 0.2 R1,EMOBON_BPNS_Wa_66,0.539,HPLC,,CTD broke and sea surface temperature could not be measured,,CTD broke and sea subsurface  temperature could not be measured,,CTD broke and sea surface salinity  could not be measured,,CTD broke and sea subsurface salinity could not be measured,,,,,,,,,,,CTD broke and conductivity could not be measured,,,,,,,,,,,,CTD broke and dissolved oxygen could not be measured,,,,,14.43,SEAL QuAAtro analysis system + Skalar AutoAnalyser system,0.45,SEAL QuAAtro analysis system + Skalar AutoAnalyser system,,,,,,,,,,,,,,,,,,CTD broke and pressure could not be measured,,,4.36,SEAL QuAAtro analysis system + Skalar AutoAnalyser system,,,,,,,,
EMOBON 211223 BPNS Wa 0.2 R2,EMOBON_BPNS_Wa_67,0.539,HPLC,,CTD broke and sea surface temperature could not be measured,,CTD broke and sea subsurface  temperature could not be measured,,CTD broke and sea surface salinity  could not be measured,,CTD broke and sea subsurface salinity could not be measured,,,,,,,,,,,CTD broke and conductivity could not be measured,,,,,,,,,,,,CTD broke and dissolved oxygen could not be measured,,,,,14.43,SEAL QuAAtro analysis system + Skalar AutoAnalyser system,0.45,SEAL QuAAtro analysis system + Skalar AutoAnalyser system,,,,,,,,,,,,,,,,,,CTD broke and pressure could not be measured,,,4.36,SEAL QuAAtro analysis system + Skalar AutoAnalyser system,,,,,,,,
EMOBON 211223 BPNS Wa 0.2 R3,EMOBON_BPNS_Wa_68,0.539,HPLC,,CTD broke and sea surface temperature could not be measured,,CTD broke and sea subsurface  temperature could not be measured,,CTD broke and sea surface salinity  could not be measured,,CTD broke and sea subsurface salinity could not be measured,,,,,,,,,,,CTD broke and conductivity could not be measured,,,,,,,,,,,,CTD broke and dissolved oxygen could not be measured,,,,,14.43,SEAL QuAAtro analysis system + Skalar AutoAnalyser system,0.45,SEAL QuAAtro analysis system + Skalar AutoAnalyser system,,,,,,,,,,,,,,,,,,CTD broke and pressure could not be measured,,,4.36,SEAL QuAAtro analysis system + Skalar AutoAnalyser system,,,,,,,,
EMOBON 211223 BPNS Wa 0.2 R4,EMOBON_BPNS_Wa_69,0.539,HPLC,,CTD broke and sea surface temperature could not be measured,,CTD broke and sea subsurface  temperature could not be measured,,CTD broke and sea surface salinity  could not be measured,,CTD broke and sea subsurface salinity could not be measured,,,,,,,,,,,CTD broke and conductivity could not be measured,,,,,,,,,,,,CTD broke and dissolved oxygen could not be measured,,,,,14.43,SEAL QuAAtro analysis system + Skalar AutoAnalyser system,0.45,SEAL QuAAtro analysis system + Skalar AutoAnalyser system,,,,,,,,,,,,,,,,,,CTD broke and pressure could not be measured,,,4.36,SEAL QuAAtro analysis system + Skalar AutoAnalyser system,,,,,,,,
EMOBON 211223 BPNS Wa 0.2 Blank,EMOBON_BPNS_Wa_70,,,,,,,,,,,,,,,,,,,,,,,,,,,,,,,,,,,,,,,,,,,,,,,,,,,,,,,,,,,,,,,,,,,,,,,
EMOBON 211223 BPNS Wa 20 R1,EMOBON_BPNS_Wa_71,0.539,HPLC,,CTD broke and sea surface temperature could not be measured,,CTD broke and sea subsurface  temperature could not be measured,,CTD broke and sea surface salinity  could not be measured,,CTD broke and sea subsurface salinity could not be measured,,,,,,,,,,,CTD broke and conductivity could not be measured,,,,,,,,,,,,CTD broke and dissolved oxygen could not be measured,,,,,14.43,SEAL QuAAtro analysis system + Skalar AutoAnalyser system,0.45,SEAL QuAAtro analysis system + Skalar AutoAnalyser system,,,,,,,,,,,,,,,,,,CTD broke and pressure could not be measured,,,4.36,SEAL QuAAtro analysis system + Skalar AutoAnalyser system,,,,,,,,
EMOBON 211223 BPNS Wa 20 R2,EMOBON_BPNS_Wa_72,0.539,HPLC,,CTD broke and sea surface temperature could not be measured,,CTD broke and sea subsurface  temperature could not be measured,,CTD broke and sea surface salinity  could not be measured,,CTD broke and sea subsurface salinity could not be measured,,,,,,,,,,,CTD broke and conductivity could not be measured,,,,,,,,,,,,CTD broke and dissolved oxygen could not be measured,,,,,14.43,SEAL QuAAtro analysis system + Skalar AutoAnalyser system,0.45,SEAL QuAAtro analysis system + Skalar AutoAnalyser system,,,,,,,,,,,,,,,,,,CTD broke and pressure could not be measured,,,4.36,SEAL QuAAtro analysis system + Skalar AutoAnalyser system,,,,,,,,
EMOBON 211223 BPNS Wa 20 R3,EMOBON_BPNS_Wa_73,0.539,HPLC,,CTD broke and sea surface temperature could not be measured,,CTD broke and sea subsurface  temperature could not be measured,,CTD broke and sea surface salinity  could not be measured,,CTD broke and sea subsurface salinity could not be measured,,,,,,,,,,,CTD broke and conductivity could not be measured,,,,,,,,,,,,CTD broke and dissolved oxygen could not be measured,,,,,14.43,SEAL QuAAtro analysis system + Skalar AutoAnalyser system,0.45,SEAL QuAAtro analysis system + Skalar AutoAnalyser system,,,,,,,,,,,,,,,,,,CTD broke and pressure could not be measured,,,4.36,SEAL QuAAtro analysis system + Skalar AutoAnalyser system,,,,,,,,
EMOBON 211223 BPNS Wa 20 R4,EMOBON_BPNS_Wa_74,0.539,HPLC,,CTD broke and sea surface temperature could not be measured,,CTD broke and sea subsurface  temperature could not be measured,,CTD broke and sea surface salinity  could not be measured,,CTD broke and sea subsurface salinity could not be measured,,,,,,,,,,,CTD broke and conductivity could not be measured,,,,,,,,,,,,CTD broke and dissolved oxygen could not be measured,,,,,14.43,SEAL QuAAtro analysis system + Skalar AutoAnalyser system,0.45,SEAL QuAAtro analysis system + Skalar AutoAnalyser system,,,,,,,,,,,,,,,,,,CTD broke and pressure could not be measured,,,4.36,SEAL QuAAtro analysis system + Skalar AutoAnalyser system,,,,,,,,
EMOBON 211223 BPNS Wa 20 Blank,EMOBON_BPNS_Wa_75,,,,,,,,,,,,,,,,,,,,,,,,,,,,,,,,,,,,,,,,,,,,,,,,,,,,,,,,,,,,,,,,,,,,,,,
EMOBON 211223 BPNS Wa 200 R1,EMOBON_BPNS_Wa_76,0.539,HPLC,,CTD broke and sea surface temperature could not be measured,,CTD broke and sea subsurface  temperature could not be measured,,CTD broke and sea surface salinity  could not be measured,,CTD broke and sea subsurface salinity could not be measured,,,,,,,,,,,CTD broke and conductivity could not be measured,,,,,,,,,,,,CTD broke and dissolved oxygen could not be measured,,,,,14.43,SEAL QuAAtro analysis system + Skalar AutoAnalyser system,0.45,SEAL QuAAtro analysis system + Skalar AutoAnalyser system,,,,,,,,,,,,,,,,,,CTD broke and pressure could not be measured,,,4.36,SEAL QuAAtro analysis system + Skalar AutoAnalyser system,,,,,,,,
EMOBON 211223 BPNS Wa 200 R2,EMOBON_BPNS_Wa_77,0.539,HPLC,,CTD broke and sea surface temperature could not be measured,,CTD broke and sea subsurface  temperature could not be measured,,CTD broke and sea surface salinity  could not be measured,,CTD broke and sea subsurface salinity could not be measured,,,,,,,,,,,CTD broke and conductivity could not be measured,,,,,,,,,,,,CTD broke and dissolved oxygen could not be measured,,,,,14.43,SEAL QuAAtro analysis system + Skalar AutoAnalyser system,0.45,SEAL QuAAtro analysis system + Skalar AutoAnalyser system,,,,,,,,,,,,,,,,,,CTD broke and pressure could not be measured,,,4.36,SEAL QuAAtro analysis system + Skalar AutoAnalyser system,,,,,,,,
EMOBON 211223 BPNS Wa 200 R3,EMOBON_BPNS_Wa_78,0.539,HPLC,,CTD broke and sea surface temperature could not be measured,,CTD broke and sea subsurface  temperature could not be measured,,CTD broke and sea surface salinity  could not be measured,,CTD broke and sea subsurface salinity could not be measured,,,,,,,,,,,CTD broke and conductivity could not be measured,,,,,,,,,,,,CTD broke and dissolved oxygen could not be measured,,,,,14.43,SEAL QuAAtro analysis system + Skalar AutoAnalyser system,0.45,SEAL QuAAtro analysis system + Skalar AutoAnalyser system,,,,,,,,,,,,,,,,,,CTD broke and pressure could not be measured,,,4.36,SEAL QuAAtro analysis system + Skalar AutoAnalyser system,,,,,,,,
EMOBON 211223 BPNS Wa 200 R4,EMOBON_BPNS_Wa_79,0.539,HPLC,,CTD broke and sea surface temperature could not be measured,,CTD broke and sea subsurface  temperature could not be measured,,CTD broke and sea surface salinity  could not be measured,,CTD broke and sea subsurface salinity could not be measured,,,,,,,,,,,CTD broke and conductivity could not be measured,,,,,,,,,,,,CTD broke and dissolved oxygen could not be measured,,,,,14.43,SEAL QuAAtro analysis system + Skalar AutoAnalyser system,0.45,SEAL QuAAtro analysis system + Skalar AutoAnalyser system,,,,,,,,,,,,,,,,,,CTD broke and pressure could not be measured,,,4.36,SEAL QuAAtro analysis system + Skalar AutoAnalyser system,,,,,,,,
EMOBON 211223 BPNS Wa 200 Blank,EMOBON_BPNS_Wa_80,,,,,,,,,,,,,,,,,,,,,,,,,,,,,,,,,,,,,,,,,,,,,,,,,,,,,,,,,,,,,,,,,,,,,,,
EMOBON 220322 BPNS Wa 3 R1,EMOBON_BPNS_Wa_81,,HPLC,8.259,CTD,8.256,CTD,31.932,CTD,33.333,CTD,,,,,,,,,,34.8853,CTD,1.026220,CTD,,,,,,,,,9.7011765,CTD,,,,,21.93,SEAL QuAAtro analysis system + Skalar AutoAnalyser system,0.38,SEAL QuAAtro analysis system + Skalar AutoAnalyser system,,,,,,,,,,,,,,,,,1.01445842586,CTD,,,6.33,SEAL QuAAtro analysis system + Skalar AutoAnalyser system,,,,,,,,
EMOBON 220322 BPNS Wa 3 R2,EMOBON_BPNS_Wa_82,,HPLC,8.259,CTD,8.256,CTD,31.932,CTD,33.333,CTD,,,,,,,,,,34.8853,CTD,1.026220,CTD,,,,,,,,,9.7011765,CTD,,,,,21.93,SEAL QuAAtro analysis system + Skalar AutoAnalyser system,0.38,SEAL QuAAtro analysis system + Skalar AutoAnalyser system,,,,,,,,,,,,,,,,,1.01445842586,CTD,,,6.33,SEAL QuAAtro analysis system + Skalar AutoAnalyser system,,,,,,,,
EMOBON 220322 BPNS Wa 3 R3,EMOBON_BPNS_Wa_83,,HPLC,8.259,CTD,8.256,CTD,31.932,CTD,33.333,CTD,,,,,,,,,,34.8853,CTD,1.026220,CTD,,,,,,,,,9.7011765,CTD,,,,,21.93,SEAL QuAAtro analysis system + Skalar AutoAnalyser system,0.38,SEAL QuAAtro analysis system + Skalar AutoAnalyser system,,,,,,,,,,,,,,,,,1.01445842586,CTD,,,6.33,SEAL QuAAtro analysis system + Skalar AutoAnalyser system,,,,,,,,
EMOBON 220322 BPNS Wa 3 R4,EMOBON_BPNS_Wa_84,,HPLC,8.259,CTD,8.256,CTD,31.932,CTD,33.333,CTD,,,,,,,,,,34.8853,CTD,1.026220,CTD,,,,,,,,,9.7011765,CTD,,,,,21.93,SEAL QuAAtro analysis system + Skalar AutoAnalyser system,0.38,SEAL QuAAtro analysis system + Skalar AutoAnalyser system,,,,,,,,,,,,,,,,,1.01445842586,CTD,,,6.33,SEAL QuAAtro analysis system + Skalar AutoAnalyser system,,,,,,,,
EMOBON 220322 BPNS Wa 3 Blank,EMOBON_BPNS_Wa_85,,,,,,,,,,,,,,,,,,,,,,,,,,,,,,,,,,,,,,,,,,,,,,,,,,,,,,,,,,,,,,,,,,,,,,,
EMOBON 220322 BPNS Wa 0.2 R1,EMOBON_BPNS_Wa_86,,HPLC,8.259,CTD,8.256,CTD,31.932,CTD,33.333,CTD,,,,,,,,,,34.8853,CTD,1.026220,CTD,,,,,,,,,9.7011765,CTD,,,,,21.93,SEAL QuAAtro analysis system + Skalar AutoAnalyser system,0.38,SEAL QuAAtro analysis system + Skalar AutoAnalyser system,,,,,,,,,,,,,,,,,1.01445842586,CTD,,,6.33,SEAL QuAAtro analysis system + Skalar AutoAnalyser system,,,,,,,,
EMOBON 220322 BPNS Wa 0.2 R2,EMOBON_BPNS_Wa_87,,HPLC,8.259,CTD,8.256,CTD,31.932,CTD,33.333,CTD,,,,,,,,,,34.8853,CTD,1.026220,CTD,,,,,,,,,9.7011765,CTD,,,,,21.93,SEAL QuAAtro analysis system + Skalar AutoAnalyser system,0.38,SEAL QuAAtro analysis system + Skalar AutoAnalyser system,,,,,,,,,,,,,,,,,1.01445842586,CTD,,,6.33,SEAL QuAAtro analysis system + Skalar AutoAnalyser system,,,,,,,,
EMOBON 220322 BPNS Wa 0.2 R3,EMOBON_BPNS_Wa_88,,HPLC,8.259,CTD,8.256,CTD,31.932,CTD,33.333,CTD,,,,,,,,,,34.8853,CTD,1.026220,CTD,,,,,,,,,9.7011765,CTD,,,,,21.93,SEAL QuAAtro analysis system + Skalar AutoAnalyser system,0.38,SEAL QuAAtro analysis system + Skalar AutoAnalyser system,,,,,,,,,,,,,,,,,1.01445842586,CTD,,,6.33,SEAL QuAAtro analysis system + Skalar AutoAnalyser system,,,,,,,,
EMOBON 220322 BPNS Wa 0.2 R4,EMOBON_BPNS_Wa_89,,HPLC,8.259,CTD,8.256,CTD,31.932,CTD,33.333,CTD,,,,,,,,,,34.8853,CTD,1.026220,CTD,,,,,,,,,9.7011765,CTD,,,,,21.93,SEAL QuAAtro analysis system + Skalar AutoAnalyser system,0.38,SEAL QuAAtro analysis system + Skalar AutoAnalyser system,,,,,,,,,,,,,,,,,1.01445842586,CTD,,,6.33,SEAL QuAAtro analysis system + Skalar AutoAnalyser system,,,,,,,,
EMOBON 220322 BPNS Wa 0.2 Blank,EMOBON_BPNS_Wa_90,,,,,,,,,,,,,,,,,,,,,,,,,,,,,,,,,,,,,,,,,,,,,,,,,,,,,,,,,,,,,,,,,,,,,,,
EMOBON 220322 BPNS Wa 20 R1,EMOBON_BPNS_Wa_91,,HPLC,8.259,CTD,8.256,CTD,31.932,CTD,33.333,CTD,,,,,,,,,,34.8853,CTD,1.026220,CTD,,,,,,,,,9.7011765,CTD,,,,,21.93,SEAL QuAAtro analysis system + Skalar AutoAnalyser system,0.38,SEAL QuAAtro analysis system + Skalar AutoAnalyser system,,,,,,,,,,,,,,,,,1.01445842586,CTD,,,6.33,SEAL QuAAtro analysis system + Skalar AutoAnalyser system,,,,,,,,
EMOBON 220322 BPNS Wa 20 R2,EMOBON_BPNS_Wa_92,,HPLC,8.259,CTD,8.256,CTD,31.932,CTD,33.333,CTD,,,,,,,,,,34.8853,CTD,1.026220,CTD,,,,,,,,,9.7011765,CTD,,,,,21.93,SEAL QuAAtro analysis system + Skalar AutoAnalyser system,0.38,SEAL QuAAtro analysis system + Skalar AutoAnalyser system,,,,,,,,,,,,,,,,,1.01445842586,CTD,,,6.33,SEAL QuAAtro analysis system + Skalar AutoAnalyser system,,,,,,,,
EMOBON 220322 BPNS Wa 20 R3,EMOBON_BPNS_Wa_93,,HPLC,8.259,CTD,8.256,CTD,31.932,CTD,33.333,CTD,,,,,,,,,,34.8853,CTD,1.026220,CTD,,,,,,,,,9.7011765,CTD,,,,,21.93,SEAL QuAAtro analysis system + Skalar AutoAnalyser system,0.38,SEAL QuAAtro analysis system + Skalar AutoAnalyser system,,,,,,,,,,,,,,,,,1.01445842586,CTD,,,6.33,SEAL QuAAtro analysis system + Skalar AutoAnalyser system,,,,,,,,
EMOBON 220322 BPNS Wa 20 R4,EMOBON_BPNS_Wa_94,,HPLC,8.259,CTD,8.256,CTD,31.932,CTD,33.333,CTD,,,,,,,,,,34.8853,CTD,1.026220,CTD,,,,,,,,,9.7011765,CTD,,,,,21.93,SEAL QuAAtro analysis system + Skalar AutoAnalyser system,0.38,SEAL QuAAtro analysis system + Skalar AutoAnalyser system,,,,,,,,,,,,,,,,,1.01445842586,CTD,,,6.33,SEAL QuAAtro analysis system + Skalar AutoAnalyser system,,,,,,,,
EMOBON 220322 BPNS Wa 20 Blank,EMOBON_BPNS_Wa_95,,,,,,,,,,,,,,,,,,,,,,,,,,,,,,,,,,,,,,,,,,,,,,,,,,,,,,,,,,,,,,,,,,,,,,,
EMOBON 220322 BPNS Wa 200 R1,EMOBON_BPNS_Wa_96,,HPLC,8.259,CTD,8.256,CTD,31.932,CTD,33.333,CTD,,,,,,,,,,34.8853,CTD,1.026220,CTD,,,,,,,,,9.7011765,CTD,,,,,21.93,SEAL QuAAtro analysis system + Skalar AutoAnalyser system,0.38,SEAL QuAAtro analysis system + Skalar AutoAnalyser system,,,,,,,,,,,,,,,,,1.01445842586,CTD,,,6.33,SEAL QuAAtro analysis system + Skalar AutoAnalyser system,,,,,,,,
EMOBON 220322 BPNS Wa 200 R2,EMOBON_BPNS_Wa_97,,HPLC,8.259,CTD,8.256,CTD,31.932,CTD,33.333,CTD,,,,,,,,,,34.8853,CTD,1.026220,CTD,,,,,,,,,9.7011765,CTD,,,,,21.93,SEAL QuAAtro analysis system + Skalar AutoAnalyser system,0.38,SEAL QuAAtro analysis system + Skalar AutoAnalyser system,,,,,,,,,,,,,,,,,1.01445842586,CTD,,,6.33,SEAL QuAAtro analysis system + Skalar AutoAnalyser system,,,,,,,,
EMOBON 220322 BPNS Wa 200 R3,EMOBON_BPNS_Wa_98,,HPLC,8.259,CTD,8.256,CTD,31.932,CTD,33.333,CTD,,,,,,,,,,34.8853,CTD,1.026220,CTD,,,,,,,,,9.7011765,CTD,,,,,21.93,SEAL QuAAtro analysis system + Skalar AutoAnalyser system,0.38,SEAL QuAAtro analysis system + Skalar AutoAnalyser system,,,,,,,,,,,,,,,,,1.01445842586,CTD,,,6.33,SEAL QuAAtro analysis system + Skalar AutoAnalyser system,,,,,,,,
EMOBON 220322 BPNS Wa 200 R4,EMOBON_BPNS_Wa_99,,HPLC,8.259,CTD,8.256,CTD,31.932,CTD,33.333,CTD,,,,,,,,,,34.8853,CTD,1.026220,CTD,,,,,,,,,9.7011765,CTD,,,,,21.93,SEAL QuAAtro analysis system + Skalar AutoAnalyser system,0.38,SEAL QuAAtro analysis system + Skalar AutoAnalyser system,,,,,,,,,,,,,,,,,1.01445842586,CTD,,,6.33,SEAL QuAAtro analysis system + Skalar AutoAnalyser system,,,,,,,,
EMOBON 220322 BPNS Wa 200 Blank,EMOBON_BPNS_Wa_100,,,,,,,,,,,,,,,,,,,,,,,,,,,,,,,,,,,,,,,,,,,,,,,,,,,,,,,,,,,,,,,,,,,,,,,
EMOBON 220420 BPNS Wa 3 R1,EMOBON_BPNS_Wa_101,,HPLC,9.931,CTD,9.929,CTD,32.282,CTD,33.629,CTD,,,,,,,,,,35.966597,CTD,1.025353,CTD,,,,,,,,,9.3230265,CTD,,,,,16.44,SEAL QuAAtro analysis system + Skalar AutoAnalyser system,0.36,SEAL QuAAtro analysis system + Skalar AutoAnalyser system,,,,,,,,,,,,,,,,,1.00172711572,CTD,,,Expected 2024-12-31,SEAL QuAAtro analysis system + Skalar AutoAnalyser system,,,,,,,,
EMOBON 220420 BPNS Wa 3 R2,EMOBON_BPNS_Wa_102,,HPLC,9.931,CTD,9.929,CTD,32.282,CTD,33.629,CTD,,,,,,,,,,35.966597,CTD,1.025353,CTD,,,,,,,,,9.3230265,CTD,,,,,16.44,SEAL QuAAtro analysis system + Skalar AutoAnalyser system,0.36,SEAL QuAAtro analysis system + Skalar AutoAnalyser system,,,,,,,,,,,,,,,,,1.00172711572,CTD,,,Expected 2024-12-31,SEAL QuAAtro analysis system + Skalar AutoAnalyser system,,,,,,,,
EMOBON 220420 BPNS Wa 3 R3,EMOBON_BPNS_Wa_103,,HPLC,9.931,CTD,9.929,CTD,32.282,CTD,33.629,CTD,,,,,,,,,,35.966597,CTD,1.025353,CTD,,,,,,,,,9.3230265,CTD,,,,,16.44,SEAL QuAAtro analysis system + Skalar AutoAnalyser system,0.36,SEAL QuAAtro analysis system + Skalar AutoAnalyser system,,,,,,,,,,,,,,,,,1.00172711572,CTD,,,Expected 2024-12-31,SEAL QuAAtro analysis system + Skalar AutoAnalyser system,,,,,,,,
EMOBON 220420 BPNS Wa 3 R4,EMOBON_BPNS_Wa_104,,HPLC,9.931,CTD,9.929,CTD,32.282,CTD,33.629,CTD,,,,,,,,,,35.966597,CTD,1.025353,CTD,,,,,,,,,9.3230265,CTD,,,,,16.44,SEAL QuAAtro analysis system + Skalar AutoAnalyser system,0.36,SEAL QuAAtro analysis system + Skalar AutoAnalyser system,,,,,,,,,,,,,,,,,1.00172711572,CTD,,,Expected 2024-12-31,SEAL QuAAtro analysis system + Skalar AutoAnalyser system,,,,,,,,
EMOBON 220420 BPNS Wa 3 Blank,EMOBON_BPNS_Wa_105,,,,,,,,,,,,,,,,,,,,,,,,,,,,,,,,,,,,,,,,,,,,,,,,,,,,,,,,,,,,,,,,,,,,,,,
EMOBON 220420 BPNS Wa 0.2 R1,EMOBON_BPNS_Wa_106,,HPLC,9.931,CTD,9.929,CTD,32.282,CTD,33.629,CTD,,,,,,,,,,35.966597,CTD,1.025353,CTD,,,,,,,,,9.3230265,CTD,,,,,16.44,SEAL QuAAtro analysis system + Skalar AutoAnalyser system,0.36,SEAL QuAAtro analysis system + Skalar AutoAnalyser system,,,,,,,,,,,,,,,,,1.00172711572,CTD,,,Expected 2024-12-31,SEAL QuAAtro analysis system + Skalar AutoAnalyser system,,,,,,,,
EMOBON 220420 BPNS Wa 0.2 R2,EMOBON_BPNS_Wa_107,,HPLC,9.931,CTD,9.929,CTD,32.282,CTD,33.629,CTD,,,,,,,,,,35.966597,CTD,1.025353,CTD,,,,,,,,,9.3230265,CTD,,,,,16.44,SEAL QuAAtro analysis system + Skalar AutoAnalyser system,0.36,SEAL QuAAtro analysis system + Skalar AutoAnalyser system,,,,,,,,,,,,,,,,,1.00172711572,CTD,,,Expected 2024-12-31,SEAL QuAAtro analysis system + Skalar AutoAnalyser system,,,,,,,,
EMOBON 220420 BPNS Wa 0.2 R3,EMOBON_BPNS_Wa_108,,HPLC,9.931,CTD,9.929,CTD,32.282,CTD,33.629,CTD,,,,,,,,,,35.966597,CTD,1.025353,CTD,,,,,,,,,9.3230265,CTD,,,,,16.44,SEAL QuAAtro analysis system + Skalar AutoAnalyser system,0.36,SEAL QuAAtro analysis system + Skalar AutoAnalyser system,,,,,,,,,,,,,,,,,1.00172711572,CTD,,,Expected 2024-12-31,SEAL QuAAtro analysis system + Skalar AutoAnalyser system,,,,,,,,
EMOBON 220420 BPNS Wa 0.2 R4,EMOBON_BPNS_Wa_109,,HPLC,9.931,CTD,9.929,CTD,32.282,CTD,33.629,CTD,,,,,,,,,,35.966597,CTD,1.025353,CTD,,,,,,,,,9.3230265,CTD,,,,,16.44,SEAL QuAAtro analysis system + Skalar AutoAnalyser system,0.36,SEAL QuAAtro analysis system + Skalar AutoAnalyser system,,,,,,,,,,,,,,,,,1.00172711572,CTD,,,Expected 2024-12-31,SEAL QuAAtro analysis system + Skalar AutoAnalyser system,,,,,,,,
EMOBON 220420 BPNS Wa 0.2 Blank,EMOBON_BPNS_Wa_110,,,,,,,,,,,,,,,,,,,,,,,,,,,,,,,,,,,,,,,,,,,,,,,,,,,,,,,,,,,,,,,,,,,,,,,
EMOBON 220420 BPNS Wa 20 R1,EMOBON_BPNS_Wa_111,,HPLC,9.931,CTD,9.929,CTD,32.282,CTD,33.629,CTD,,,,,,,,,,35.966597,CTD,1.025353,CTD,,,,,,,,,9.3230265,CTD,,,,,16.44,SEAL QuAAtro analysis system + Skalar AutoAnalyser system,0.36,SEAL QuAAtro analysis system + Skalar AutoAnalyser system,,,,,,,,,,,,,,,,,1.00172711572,CTD,,,Expected 2024-12-31,SEAL QuAAtro analysis system + Skalar AutoAnalyser system,,,,,,,,
EMOBON 220420 BPNS Wa 20 R2,EMOBON_BPNS_Wa_112,,HPLC,9.931,CTD,9.929,CTD,32.282,CTD,33.629,CTD,,,,,,,,,,35.966597,CTD,1.025353,CTD,,,,,,,,,9.3230265,CTD,,,,,16.44,SEAL QuAAtro analysis system + Skalar AutoAnalyser system,0.36,SEAL QuAAtro analysis system + Skalar AutoAnalyser system,,,,,,,,,,,,,,,,,1.00172711572,CTD,,,Expected 2024-12-31,SEAL QuAAtro analysis system + Skalar AutoAnalyser system,,,,,,,,
EMOBON 220420 BPNS Wa 20 R3,EMOBON_BPNS_Wa_113,,HPLC,9.931,CTD,9.929,CTD,32.282,CTD,33.629,CTD,,,,,,,,,,35.966597,CTD,1.025353,CTD,,,,,,,,,9.3230265,CTD,,,,,16.44,SEAL QuAAtro analysis system + Skalar AutoAnalyser system,0.36,SEAL QuAAtro analysis system + Skalar AutoAnalyser system,,,,,,,,,,,,,,,,,1.00172711572,CTD,,,Expected 2024-12-31,SEAL QuAAtro analysis system + Skalar AutoAnalyser system,,,,,,,,
EMOBON 220420 BPNS Wa 20 R4,EMOBON_BPNS_Wa_114,,HPLC,9.931,CTD,9.929,CTD,32.282,CTD,33.629,CTD,,,,,,,,,,35.966597,CTD,1.025353,CTD,,,,,,,,,9.3230265,CTD,,,,,16.44,SEAL QuAAtro analysis system + Skalar AutoAnalyser system,0.36,SEAL QuAAtro analysis system + Skalar AutoAnalyser system,,,,,,,,,,,,,,,,,1.00172711572,CTD,,,Expected 2024-12-31,SEAL QuAAtro analysis system + Skalar AutoAnalyser system,,,,,,,,
EMOBON 220420 BPNS Wa 20 Blank,EMOBON_BPNS_Wa_115,,,,,,,,,,,,,,,,,,,,,,,,,,,,,,,,,,,,,,,,,,,,,,,,,,,,,,,,,,,,,,,,,,,,,,,
EMOBON 220420 BPNS Wa 200 R1,EMOBON_BPNS_Wa_116,,HPLC,9.931,CTD,9.929,CTD,32.282,CTD,33.629,CTD,,,,,,,,,,35.966597,CTD,1.025353,CTD,,,,,,,,,9.3230265,CTD,,,,,16.44,SEAL QuAAtro analysis system + Skalar AutoAnalyser system,0.36,SEAL QuAAtro analysis system + Skalar AutoAnalyser system,,,,,,,,,,,,,,,,,1.00172711572,CTD,,,Expected 2024-12-31,SEAL QuAAtro analysis system + Skalar AutoAnalyser system,,,,,,,,
EMOBON 220420 BPNS Wa 200 R2,EMOBON_BPNS_Wa_117,,HPLC,9.931,CTD,9.929,CTD,32.282,CTD,33.629,CTD,,,,,,,,,,35.966597,CTD,1.025353,CTD,,,,,,,,,9.3230265,CTD,,,,,16.44,SEAL QuAAtro analysis system + Skalar AutoAnalyser system,0.36,SEAL QuAAtro analysis system + Skalar AutoAnalyser system,,,,,,,,,,,,,,,,,1.00172711572,CTD,,,Expected 2024-12-31,SEAL QuAAtro analysis system + Skalar AutoAnalyser system,,,,,,,,
EMOBON 220420 BPNS Wa 200 R3,EMOBON_BPNS_Wa_118,,HPLC,9.931,CTD,9.929,CTD,32.282,CTD,33.629,CTD,,,,,,,,,,35.966597,CTD,1.025353,CTD,,,,,,,,,9.3230265,CTD,,,,,16.44,SEAL QuAAtro analysis system + Skalar AutoAnalyser system,0.36,SEAL QuAAtro analysis system + Skalar AutoAnalyser system,,,,,,,,,,,,,,,,,1.00172711572,CTD,,,Expected 2024-12-31,SEAL QuAAtro analysis system + Skalar AutoAnalyser system,,,,,,,,
EMOBON 220420 BPNS Wa 200 R4,EMOBON_BPNS_Wa_119,,HPLC,9.931,CTD,9.929,CTD,32.282,CTD,33.629,CTD,,,,,,,,,,35.966597,CTD,1.025353,CTD,,,,,,,,,9.3230265,CTD,,,,,16.44,SEAL QuAAtro analysis system + Skalar AutoAnalyser system,0.36,SEAL QuAAtro analysis system + Skalar AutoAnalyser system,,,,,,,,,,,,,,,,,1.00172711572,CTD,,,Expected 2024-12-31,SEAL QuAAtro analysis system + Skalar AutoAnalyser system,,,,,,,,
EMOBON 220420 BPNS Wa 200 Blank,EMOBON_BPNS_Wa_120,,,,,,,,,,,,,,,,,,,,,,,,,,,,,,,,,,,,,,,,,,,,,,,,,,,,,,,,,,,,,,,,,,,,,,,
EMOBON 220601 BPNS Wa 3 R1,EMOBON_BPNS_Wa_121,5.920864582,HPLC,15.655,CTD,15.297,CTD,33.264,CTD,33.164,CTD,,,,,,,,,,41.4808,CTD,1.024510,CTD,,,,,,,,,8.021452,CTD,,,,,7.06,SEAL QuAAtro analysis system + Skalar AutoAnalyser system,0.08,SEAL QuAAtro analysis system + Skalar AutoAnalyser system,,,,,,,,,,,,,,,,,1.00626696,CTD,,,6.46,SEAL QuAAtro analysis system + Skalar AutoAnalyser system,,,,,,,,
EMOBON 220601 BPNS Wa 3 R2,EMOBON_BPNS_Wa_122,5.920864582,HPLC,15.655,CTD,15.297,CTD,33.264,CTD,33.164,CTD,,,,,,,,,,41.4808,CTD,1.024510,CTD,,,,,,,,,8.021452,CTD,,,,,7.06,SEAL QuAAtro analysis system + Skalar AutoAnalyser system,0.08,SEAL QuAAtro analysis system + Skalar AutoAnalyser system,,,,,,,,,,,,,,,,,1.00626696,CTD,,,6.46,SEAL QuAAtro analysis system + Skalar AutoAnalyser system,,,,,,,,
EMOBON 220601 BPNS Wa 3 R3,EMOBON_BPNS_Wa_123,5.920864582,HPLC,15.655,CTD,15.297,CTD,33.264,CTD,33.164,CTD,,,,,,,,,,41.4808,CTD,1.024510,CTD,,,,,,,,,8.021452,CTD,,,,,7.06,SEAL QuAAtro analysis system + Skalar AutoAnalyser system,0.08,SEAL QuAAtro analysis system + Skalar AutoAnalyser system,,,,,,,,,,,,,,,,,1.00626696,CTD,,,6.46,SEAL QuAAtro analysis system + Skalar AutoAnalyser system,,,,,,,,
EMOBON 220601 BPNS Wa 3 R4,EMOBON_BPNS_Wa_124,5.920864582,HPLC,15.655,CTD,15.297,CTD,33.264,CTD,33.164,CTD,,,,,,,,,,41.4808,CTD,1.024510,CTD,,,,,,,,,8.021452,CTD,,,,,7.06,SEAL QuAAtro analysis system + Skalar AutoAnalyser system,0.08,SEAL QuAAtro analysis system + Skalar AutoAnalyser system,,,,,,,,,,,,,,,,,1.00626696,CTD,,,6.46,SEAL QuAAtro analysis system + Skalar AutoAnalyser system,,,,,,,,
EMOBON 220601 BPNS Wa 3 Blank,EMOBON_BPNS_Wa_125,,,,,,,,,,,,,,,,,,,,,,,,,,,,,,,,,,,,,,,,,,,,,,,,,,,,,,,,,,,,,,,,,,,,,,,
EMOBON 220601 BPNS Wa 0.2 R1,EMOBON_BPNS_Wa_126,5.920864582,HPLC,15.655,CTD,15.297,CTD,33.264,CTD,33.164,CTD,,,,,,,,,,41.4808,CTD,1.024510,CTD,,,,,,,,,8.021452,CTD,,,,,7.06,SEAL QuAAtro analysis system + Skalar AutoAnalyser system,0.08,SEAL QuAAtro analysis system + Skalar AutoAnalyser system,,,,,,,,,,,,,,,,,1.00626696,CTD,,,6.46,SEAL QuAAtro analysis system + Skalar AutoAnalyser system,,,,,,,,
EMOBON 220601 BPNS Wa 0.2 R2,EMOBON_BPNS_Wa_127,5.920864582,HPLC,15.655,CTD,15.297,CTD,33.264,CTD,33.164,CTD,,,,,,,,,,41.4808,CTD,1.024510,CTD,,,,,,,,,8.021452,CTD,,,,,7.06,SEAL QuAAtro analysis system + Skalar AutoAnalyser system,0.08,SEAL QuAAtro analysis system + Skalar AutoAnalyser system,,,,,,,,,,,,,,,,,1.00626696,CTD,,,6.46,SEAL QuAAtro analysis system + Skalar AutoAnalyser system,,,,,,,,
EMOBON 220601 BPNS Wa 0.2 R3,EMOBON_BPNS_Wa_128,5.920864582,HPLC,15.655,CTD,15.297,CTD,33.264,CTD,33.164,CTD,,,,,,,,,,41.4808,CTD,1.024510,CTD,,,,,,,,,8.021452,CTD,,,,,7.06,SEAL QuAAtro analysis system + Skalar AutoAnalyser system,0.08,SEAL QuAAtro analysis system + Skalar AutoAnalyser system,,,,,,,,,,,,,,,,,1.00626696,CTD,,,6.46,SEAL QuAAtro analysis system + Skalar AutoAnalyser system,,,,,,,,
EMOBON 220601 BPNS Wa 0.2 R4,EMOBON_BPNS_Wa_129,5.920864582,HPLC,15.655,CTD,15.297,CTD,33.264,CTD,33.164,CTD,,,,,,,,,,41.4808,CTD,1.024510,CTD,,,,,,,,,8.021452,CTD,,,,,7.06,SEAL QuAAtro analysis system + Skalar AutoAnalyser system,0.08,SEAL QuAAtro analysis system + Skalar AutoAnalyser system,,,,,,,,,,,,,,,,,1.00626696,CTD,,,6.46,SEAL QuAAtro analysis system + Skalar AutoAnalyser system,,,,,,,,
EMOBON 220601 BPNS Wa 0.2 Blank,EMOBON_BPNS_Wa_130,,,,,,,,,,,,,,,,,,,,,,,,,,,,,,,,,,,,,,,,,,,,,,,,,,,,,,,,,,,,,,,,,,,,,,,
EMOBON 220601 BPNS Wa 20 R1,EMOBON_BPNS_Wa_131,5.920864582,HPLC,15.655,CTD,15.297,CTD,33.264,CTD,33.164,CTD,,,,,,,,,,41.4808,CTD,1.024510,CTD,,,,,,,,,8.021452,CTD,,,,,7.06,SEAL QuAAtro analysis system + Skalar AutoAnalyser system,0.08,SEAL QuAAtro analysis system + Skalar AutoAnalyser system,,,,,,,,,,,,,,,,,1.00626696,CTD,,,6.46,SEAL QuAAtro analysis system + Skalar AutoAnalyser system,,,,,,,,
EMOBON 220601 BPNS Wa 20 R2,EMOBON_BPNS_Wa_132,5.920864582,HPLC,15.655,CTD,15.297,CTD,33.264,CTD,33.164,CTD,,,,,,,,,,41.4808,CTD,1.024510,CTD,,,,,,,,,8.021452,CTD,,,,,7.06,SEAL QuAAtro analysis system + Skalar AutoAnalyser system,0.08,SEAL QuAAtro analysis system + Skalar AutoAnalyser system,,,,,,,,,,,,,,,,,1.00626696,CTD,,,6.46,SEAL QuAAtro analysis system + Skalar AutoAnalyser system,,,,,,,,
EMOBON 220601 BPNS Wa 20 R3,EMOBON_BPNS_Wa_133,5.920864582,HPLC,15.655,CTD,15.297,CTD,33.264,CTD,33.164,CTD,,,,,,,,,,41.4808,CTD,1.024510,CTD,,,,,,,,,8.021452,CTD,,,,,7.06,SEAL QuAAtro analysis system + Skalar AutoAnalyser system,0.08,SEAL QuAAtro analysis system + Skalar AutoAnalyser system,,,,,,,,,,,,,,,,,1.00626696,CTD,,,6.46,SEAL QuAAtro analysis system + Skalar AutoAnalyser system,,,,,,,,
EMOBON 220601 BPNS Wa 20 R4,EMOBON_BPNS_Wa_134,5.920864582,HPLC,15.655,CTD,15.297,CTD,33.264,CTD,33.164,CTD,,,,,,,,,,41.4808,CTD,1.024510,CTD,,,,,,,,,8.021452,CTD,,,,,7.06,SEAL QuAAtro analysis system + Skalar AutoAnalyser system,0.08,SEAL QuAAtro analysis system + Skalar AutoAnalyser system,,,,,,,,,,,,,,,,,1.00626696,CTD,,,6.46,SEAL QuAAtro analysis system + Skalar AutoAnalyser system,,,,,,,,
EMOBON 220601 BPNS Wa 20 Blank,EMOBON_BPNS_Wa_135,,,,,,,,,,,,,,,,,,,,,,,,,,,,,,,,,,,,,,,,,,,,,,,,,,,,,,,,,,,,,,,,,,,,,,,
EMOBON 220601 BPNS Wa 200 R1,EMOBON_BPNS_Wa_136,5.920864582,HPLC,15.655,CTD,15.297,CTD,33.264,CTD,33.164,CTD,,,,,,,,,,41.4808,CTD,1.024510,CTD,,,,,,,,,8.021452,CTD,,,,,7.06,SEAL QuAAtro analysis system + Skalar AutoAnalyser system,0.08,SEAL QuAAtro analysis system + Skalar AutoAnalyser system,,,,,,,,,,,,,,,,,1.00626696,CTD,,,6.46,SEAL QuAAtro analysis system + Skalar AutoAnalyser system,,,,,,,,
EMOBON 220601 BPNS Wa 200 R2,EMOBON_BPNS_Wa_137,5.920864582,HPLC,15.655,CTD,15.297,CTD,33.264,CTD,33.164,CTD,,,,,,,,,,41.4808,CTD,1.024510,CTD,,,,,,,,,8.021452,CTD,,,,,7.06,SEAL QuAAtro analysis system + Skalar AutoAnalyser system,0.08,SEAL QuAAtro analysis system + Skalar AutoAnalyser system,,,,,,,,,,,,,,,,,1.00626696,CTD,,,6.46,SEAL QuAAtro analysis system + Skalar AutoAnalyser system,,,,,,,,
EMOBON 220601 BPNS Wa 200 R3,EMOBON_BPNS_Wa_138,5.920864582,HPLC,15.655,CTD,15.297,CTD,33.264,CTD,33.164,CTD,,,,,,,,,,41.4808,CTD,1.024510,CTD,,,,,,,,,8.021452,CTD,,,,,7.06,SEAL QuAAtro analysis system + Skalar AutoAnalyser system,0.08,SEAL QuAAtro analysis system + Skalar AutoAnalyser system,,,,,,,,,,,,,,,,,1.00626696,CTD,,,6.46,SEAL QuAAtro analysis system + Skalar AutoAnalyser system,,,,,,,,
EMOBON 220601 BPNS Wa 200 R4,EMOBON_BPNS_Wa_139,5.920864582,HPLC,15.655,CTD,15.297,CTD,33.264,CTD,33.164,CTD,,,,,,,,,,41.4808,CTD,1.024510,CTD,,,,,,,,,8.021452,CTD,,,,,7.06,SEAL QuAAtro analysis system + Skalar AutoAnalyser system,0.08,SEAL QuAAtro analysis system + Skalar AutoAnalyser system,,,,,,,,,,,,,,,,,1.00626696,CTD,,,6.46,SEAL QuAAtro analysis system + Skalar AutoAnalyser system,,,,,,,,
EMOBON 220601 BPNS Wa 200 Blank,EMOBON_BPNS_Wa_140,,,,,,,,,,,,,,,,,,,,,,,,,,,,,,,,,,,,,,,,,,,,,,,,,,,,,,,,,,,,,,,,,,,,,,,
EMOBON 220819 BPNS Wa 3 R1,EMOBON_BPNS_Wa_141,,HPLC,21.518,CTD,21.517,CTD,33.424,CTD,33.424,CTD,,,,,,,,,,47.477917,CTD,1.023179,CTD,,,,,,,,,6.652191,CTD,,,,,,SEAL QuAAtro analysis system + Skalar AutoAnalyser system,,SEAL QuAAtro analysis system + Skalar AutoAnalyser system,,,,,,,,,,,,,,,,,1.00024673,CTD,,,,SEAL QuAAtro analysis system + Skalar AutoAnalyser system,,,,,,,,
EMOBON 220819 BPNS Wa 3 R2,EMOBON_BPNS_Wa_142,,HPLC,21.518,CTD,21.517,CTD,33.424,CTD,33.424,CTD,,,,,,,,,,47.477917,CTD,1.023179,CTD,,,,,,,,,6.652191,CTD,,,,,,SEAL QuAAtro analysis system + Skalar AutoAnalyser system,,SEAL QuAAtro analysis system + Skalar AutoAnalyser system,,,,,,,,,,,,,,,,,1.00024673,CTD,,,,SEAL QuAAtro analysis system + Skalar AutoAnalyser system,,,,,,,,
EMOBON 220819 BPNS Wa 3 R3,EMOBON_BPNS_Wa_143,,HPLC,21.518,CTD,21.517,CTD,33.424,CTD,33.424,CTD,,,,,,,,,,47.477917,CTD,1.023179,CTD,,,,,,,,,6.652191,CTD,,,,,,SEAL QuAAtro analysis system + Skalar AutoAnalyser system,,SEAL QuAAtro analysis system + Skalar AutoAnalyser system,,,,,,,,,,,,,,,,,1.00024673,CTD,,,,SEAL QuAAtro analysis system + Skalar AutoAnalyser system,,,,,,,,
EMOBON 220819 BPNS Wa 3 R4,EMOBON_BPNS_Wa_144,,HPLC,21.518,CTD,21.517,CTD,33.424,CTD,33.424,CTD,,,,,,,,,,47.477917,CTD,1.023179,CTD,,,,,,,,,6.652191,CTD,,,,,,SEAL QuAAtro analysis system + Skalar AutoAnalyser system,,SEAL QuAAtro analysis system + Skalar AutoAnalyser system,,,,,,,,,,,,,,,,,1.00024673,CTD,,,,SEAL QuAAtro analysis system + Skalar AutoAnalyser system,,,,,,,,
EMOBON 220819 BPNS Wa 3 Blank,EMOBON_BPNS_Wa_145,,,,,,,,,,,,,,,,,,,,,,,,,,,,,,,,,,,,,,,,,,,,,,,,,,,,,,,,,,,,,,,,,,,,,,,
EMOBON 220819 BPNS Wa 0.2 R1,EMOBON_BPNS_Wa_146,,HPLC,21.518,CTD,21.517,CTD,33.424,CTD,33.424,CTD,,,,,,,,,,47.477917,CTD,1.023179,CTD,,,,,,,,,6.652191,CTD,,,,,,SEAL QuAAtro analysis system + Skalar AutoAnalyser system,,SEAL QuAAtro analysis system + Skalar AutoAnalyser system,,,,,,,,,,,,,,,,,1.00024673,CTD,,,,SEAL QuAAtro analysis system + Skalar AutoAnalyser system,,,,,,,,
EMOBON 220819 BPNS Wa 0.2 R2,EMOBON_BPNS_Wa_147,,HPLC,21.518,CTD,21.517,CTD,33.424,CTD,33.424,CTD,,,,,,,,,,47.477917,CTD,1.023179,CTD,,,,,,,,,6.652191,CTD,,,,,,SEAL QuAAtro analysis system + Skalar AutoAnalyser system,,SEAL QuAAtro analysis system + Skalar AutoAnalyser system,,,,,,,,,,,,,,,,,1.00024673,CTD,,,,SEAL QuAAtro analysis system + Skalar AutoAnalyser system,,,,,,,,
EMOBON 220819 BPNS Wa 0.2 R3,EMOBON_BPNS_Wa_148,,HPLC,21.518,CTD,21.517,CTD,33.424,CTD,33.424,CTD,,,,,,,,,,47.477917,CTD,1.023179,CTD,,,,,,,,,6.652191,CTD,,,,,,SEAL QuAAtro analysis system + Skalar AutoAnalyser system,,SEAL QuAAtro analysis system + Skalar AutoAnalyser system,,,,,,,,,,,,,,,,,1.00024673,CTD,,,,SEAL QuAAtro analysis system + Skalar AutoAnalyser system,,,,,,,,
EMOBON 220819 BPNS Wa 0.2 R4,EMOBON_BPNS_Wa_149,,HPLC,21.518,CTD,21.517,CTD,33.424,CTD,33.424,CTD,,,,,,,,,,47.477917,CTD,1.023179,CTD,,,,,,,,,6.652191,CTD,,,,,,SEAL QuAAtro analysis system + Skalar AutoAnalyser system,,SEAL QuAAtro analysis system + Skalar AutoAnalyser system,,,,,,,,,,,,,,,,,1.00024673,CTD,,,,SEAL QuAAtro analysis system + Skalar AutoAnalyser system,,,,,,,,
EMOBON 220819 BPNS Wa 0.2 Blank,EMOBON_BPNS_Wa_150,,,,,,,,,,,,,,,,,,,,,,,,,,,,,,,,,,,,,,,,,,,,,,,,,,,,,,,,,,,,,,,,,,,,,,,
EMOBON 220819 BPNS Wa 20 R1,EMOBON_BPNS_Wa_151,,HPLC,21.518,CTD,21.517,CTD,33.424,CTD,33.424,CTD,,,,,,,,,,47.477917,CTD,1.023179,CTD,,,,,,,,,6.652191,CTD,,,,,,SEAL QuAAtro analysis system + Skalar AutoAnalyser system,,SEAL QuAAtro analysis system + Skalar AutoAnalyser system,,,,,,,,,,,,,,,,,1.00024673,CTD,,,,SEAL QuAAtro analysis system + Skalar AutoAnalyser system,,,,,,,,
EMOBON 220819 BPNS Wa 20 R2,EMOBON_BPNS_Wa_152,,HPLC,21.518,CTD,21.517,CTD,33.424,CTD,33.424,CTD,,,,,,,,,,47.477917,CTD,1.023179,CTD,,,,,,,,,6.652191,CTD,,,,,,SEAL QuAAtro analysis system + Skalar AutoAnalyser system,,SEAL QuAAtro analysis system + Skalar AutoAnalyser system,,,,,,,,,,,,,,,,,1.00024673,CTD,,,,SEAL QuAAtro analysis system + Skalar AutoAnalyser system,,,,,,,,
EMOBON 220819 BPNS Wa 20 R3,EMOBON_BPNS_Wa_153,,HPLC,21.518,CTD,21.517,CTD,33.424,CTD,33.424,CTD,,,,,,,,,,47.477917,CTD,1.023179,CTD,,,,,,,,,6.652191,CTD,,,,,,SEAL QuAAtro analysis system + Skalar AutoAnalyser system,,SEAL QuAAtro analysis system + Skalar AutoAnalyser system,,,,,,,,,,,,,,,,,1.00024673,CTD,,,,SEAL QuAAtro analysis system + Skalar AutoAnalyser system,,,,,,,,
EMOBON 220819 BPNS Wa 20 R4,EMOBON_BPNS_Wa_154,,HPLC,21.518,CTD,21.517,CTD,33.424,CTD,33.424,CTD,,,,,,,,,,47.477917,CTD,1.023179,CTD,,,,,,,,,6.652191,CTD,,,,,,SEAL QuAAtro analysis system + Skalar AutoAnalyser system,,SEAL QuAAtro analysis system + Skalar AutoAnalyser system,,,,,,,,,,,,,,,,,1.00024673,CTD,,,,SEAL QuAAtro analysis system + Skalar AutoAnalyser system,,,,,,,,
EMOBON 220819 BPNS Wa 20 Blank,EMOBON_BPNS_Wa_155,,,,,,,,,,,,,,,,,,,,,,,,,,,,,,,,,,,,,,,,,,,,,,,,,,,,,,,,,,,,,,,,,,,,,,,
EMOBON 220819 BPNS Wa 200 R1,EMOBON_BPNS_Wa_156,,HPLC,21.518,CTD,21.517,CTD,33.424,CTD,33.424,CTD,,,,,,,,,,47.477917,CTD,1.023179,CTD,,,,,,,,,6.652191,CTD,,,,,,SEAL QuAAtro analysis system + Skalar AutoAnalyser system,,SEAL QuAAtro analysis system + Skalar AutoAnalyser system,,,,,,,,,,,,,,,,,1.00024673,CTD,,,,SEAL QuAAtro analysis system + Skalar AutoAnalyser system,,,,,,,,
EMOBON 220819 BPNS Wa 200 R2,EMOBON_BPNS_Wa_157,,HPLC,21.518,CTD,21.517,CTD,33.424,CTD,33.424,CTD,,,,,,,,,,47.477917,CTD,1.023179,CTD,,,,,,,,,6.652191,CTD,,,,,,SEAL QuAAtro analysis system + Skalar AutoAnalyser system,,SEAL QuAAtro analysis system + Skalar AutoAnalyser system,,,,,,,,,,,,,,,,,1.00024673,CTD,,,,SEAL QuAAtro analysis system + Skalar AutoAnalyser system,,,,,,,,
EMOBON 220819 BPNS Wa 200 R3,EMOBON_BPNS_Wa_158,,HPLC,21.518,CTD,21.517,CTD,33.424,CTD,33.424,CTD,,,,,,,,,,47.477917,CTD,1.023179,CTD,,,,,,,,,6.652191,CTD,,,,,,SEAL QuAAtro analysis system + Skalar AutoAnalyser system,,SEAL QuAAtro analysis system + Skalar AutoAnalyser system,,,,,,,,,,,,,,,,,1.00024673,CTD,,,,SEAL QuAAtro analysis system + Skalar AutoAnalyser system,,,,,,,,
EMOBON 220819 BPNS Wa 200 R4,EMOBON_BPNS_Wa_159,,HPLC,21.518,CTD,21.517,CTD,33.424,CTD,33.424,CTD,,,,,,,,,,47.477917,CTD,1.023179,CTD,,,,,,,,,6.652191,CTD,,,,,,SEAL QuAAtro analysis system + Skalar AutoAnalyser system,,SEAL QuAAtro analysis system + Skalar AutoAnalyser system,,,,,,,,,,,,,,,,,1.00024673,CTD,,,,SEAL QuAAtro analysis system + Skalar AutoAnalyser system,,,,,,,,
EMOBON 220819 BPNS Wa 200 Blank,EMOBON_BPNS_Wa_160,,,,,,,,,,,,,,,,,,,,,,,,,,,,,,,,,,,,,,,,,,,,,,,,,,,,,,,,,,,,,,,,,,,,,,,
EMOBON 221027 BPNS Wa 3 R1,EMOBON_BPNS_Wa_161,,HPLC,,CTD broke,,CTD broke,,CTD broke,,CTD broke,,,,,,,,,,,CTD broke,,CTD broke,,,,,,,,,,CTD broke,,,,,2,SEAL QuAAtro analysis system + Skalar AutoAnalyser system,0.22,SEAL QuAAtro analysis system + Skalar AutoAnalyser system,,,,,,,,,,,,,,,,,Expected 2024-12-31,CTD,,,1.66,SEAL QuAAtro analysis system + Skalar AutoAnalyser system,,,,,,,,
EMOBON 221027 BPNS Wa 3 R2,EMOBON_BPNS_Wa_162,,HPLC,,CTD broke,,CTD broke,,CTD broke,,CTD broke,,,,,,,,,,,CTD broke,,CTD broke,,,,,,,,,,CTD broke,,,,,2,SEAL QuAAtro analysis system + Skalar AutoAnalyser system,0.22,SEAL QuAAtro analysis system + Skalar AutoAnalyser system,,,,,,,,,,,,,,,,,Expected 2024-12-31,CTD,,,1.66,SEAL QuAAtro analysis system + Skalar AutoAnalyser system,,,,,,,,
EMOBON 221027 BPNS Wa 3 R3,EMOBON_BPNS_Wa_163,,HPLC,,CTD broke,,CTD broke,,CTD broke,,CTD broke,,,,,,,,,,,CTD broke,,CTD broke,,,,,,,,,,CTD broke,,,,,2,SEAL QuAAtro analysis system + Skalar AutoAnalyser system,0.22,SEAL QuAAtro analysis system + Skalar AutoAnalyser system,,,,,,,,,,,,,,,,,Expected 2024-12-31,CTD,,,1.66,SEAL QuAAtro analysis system + Skalar AutoAnalyser system,,,,,,,,
EMOBON 221027 BPNS Wa 3 R4,EMOBON_BPNS_Wa_164,,HPLC,,CTD broke,,CTD broke,,CTD broke,,CTD broke,,,,,,,,,,,CTD broke,,CTD broke,,,,,,,,,,CTD broke,,,,,2,SEAL QuAAtro analysis system + Skalar AutoAnalyser system,0.22,SEAL QuAAtro analysis system + Skalar AutoAnalyser system,,,,,,,,,,,,,,,,,Expected 2024-12-31,CTD,,,1.66,SEAL QuAAtro analysis system + Skalar AutoAnalyser system,,,,,,,,
EMOBON 221027 BPNS Wa 3 Blank,EMOBON_BPNS_Wa_165,,,,,,,,,,,,,,,,,,,,,,,,,,,,,,,,,,,,,,,,,,,,,,,,,,,,,,,,,,,,,,,,,,,,,,,
EMOBON 221027 BPNS Wa 0.2 R1,EMOBON_BPNS_Wa_166,,HPLC,,CTD broke,,CTD broke,,CTD broke,,CTD broke,,,,,,,,,,,CTD broke,,CTD broke,,,,,,,,,,CTD broke,,,,,2,SEAL QuAAtro analysis system + Skalar AutoAnalyser system,0.22,SEAL QuAAtro analysis system + Skalar AutoAnalyser system,,,,,,,,,,,,,,,,,Expected 2024-12-31,CTD,,,1.66,SEAL QuAAtro analysis system + Skalar AutoAnalyser system,,,,,,,,
EMOBON 221027 BPNS Wa 0.2 R2,EMOBON_BPNS_Wa_167,,HPLC,,CTD broke,,CTD broke,,CTD broke,,CTD broke,,,,,,,,,,,CTD broke,,CTD broke,,,,,,,,,,CTD broke,,,,,2,SEAL QuAAtro analysis system + Skalar AutoAnalyser system,0.22,SEAL QuAAtro analysis system + Skalar AutoAnalyser system,,,,,,,,,,,,,,,,,Expected 2024-12-31,CTD,,,1.66,SEAL QuAAtro analysis system + Skalar AutoAnalyser system,,,,,,,,
EMOBON 221027 BPNS Wa 0.2 R3,EMOBON_BPNS_Wa_168,,HPLC,,CTD broke,,CTD broke,,CTD broke,,CTD broke,,,,,,,,,,,CTD broke,,CTD broke,,,,,,,,,,CTD broke,,,,,2,SEAL QuAAtro analysis system + Skalar AutoAnalyser system,0.22,SEAL QuAAtro analysis system + Skalar AutoAnalyser system,,,,,,,,,,,,,,,,,Expected 2024-12-31,CTD,,,1.66,SEAL QuAAtro analysis system + Skalar AutoAnalyser system,,,,,,,,
EMOBON 221027 BPNS Wa 0.2 R4,EMOBON_BPNS_Wa_169,,HPLC,,CTD broke,,CTD broke,,CTD broke,,CTD broke,,,,,,,,,,,CTD broke,,CTD broke,,,,,,,,,,CTD broke,,,,,2,SEAL QuAAtro analysis system + Skalar AutoAnalyser system,0.22,SEAL QuAAtro analysis system + Skalar AutoAnalyser system,,,,,,,,,,,,,,,,,Expected 2024-12-31,CTD,,,1.66,SEAL QuAAtro analysis system + Skalar AutoAnalyser system,,,,,,,,
EMOBON 221027 BPNS Wa 0.2 Blank,EMOBON_BPNS_Wa_170,,,,,,,,,,,,,,,,,,,,,,,,,,,,,,,,,,,,,,,,,,,,,,,,,,,,,,,,,,,,,,,,,,,,,,,
EMOBON 221027 BPNS Wa 20 R1,EMOBON_BPNS_Wa_171,,HPLC,,CTD broke,,CTD broke,,CTD broke,,CTD broke,,,,,,,,,,,CTD broke,,CTD broke,,,,,,,,,,CTD broke,,,,,2,SEAL QuAAtro analysis system + Skalar AutoAnalyser system,0.22,SEAL QuAAtro analysis system + Skalar AutoAnalyser system,,,,,,,,,,,,,,,,,Expected 2024-12-31,CTD,,,1.66,SEAL QuAAtro analysis system + Skalar AutoAnalyser system,,,,,,,,
EMOBON 221027 BPNS Wa 20 R2,EMOBON_BPNS_Wa_172,,HPLC,,CTD broke,,CTD broke,,CTD broke,,CTD broke,,,,,,,,,,,CTD broke,,CTD broke,,,,,,,,,,CTD broke,,,,,2,SEAL QuAAtro analysis system + Skalar AutoAnalyser system,0.22,SEAL QuAAtro analysis system + Skalar AutoAnalyser system,,,,,,,,,,,,,,,,,Expected 2024-12-31,CTD,,,1.66,SEAL QuAAtro analysis system + Skalar AutoAnalyser system,,,,,,,,
EMOBON 221027 BPNS Wa 20 R3,EMOBON_BPNS_Wa_173,,HPLC,,CTD broke,,CTD broke,,CTD broke,,CTD broke,,,,,,,,,,,CTD broke,,CTD broke,,,,,,,,,,CTD broke,,,,,2,SEAL QuAAtro analysis system + Skalar AutoAnalyser system,0.22,SEAL QuAAtro analysis system + Skalar AutoAnalyser system,,,,,,,,,,,,,,,,,Expected 2024-12-31,CTD,,,1.66,SEAL QuAAtro analysis system + Skalar AutoAnalyser system,,,,,,,,
EMOBON 221027 BPNS Wa 20 R4,EMOBON_BPNS_Wa_174,,HPLC,,CTD broke,,CTD broke,,CTD broke,,CTD broke,,,,,,,,,,,CTD broke,,CTD broke,,,,,,,,,,CTD broke,,,,,2,SEAL QuAAtro analysis system + Skalar AutoAnalyser system,0.22,SEAL QuAAtro analysis system + Skalar AutoAnalyser system,,,,,,,,,,,,,,,,,Expected 2024-12-31,CTD,,,1.66,SEAL QuAAtro analysis system + Skalar AutoAnalyser system,,,,,,,,
EMOBON 221027 BPNS Wa 20 Blank,EMOBON_BPNS_Wa_175,,,,,,,,,,,,,,,,,,,,,,,,,,,,,,,,,,,,,,,,,,,,,,,,,,,,,,,,,,,,,,,,,,,,,,,
EMOBON 221027 BPNS Wa 200 R1,EMOBON_BPNS_Wa_176,,HPLC,,CTD broke,,CTD broke,,CTD broke,,CTD broke,,,,,,,,,,,CTD broke,,CTD broke,,,,,,,,,,CTD broke,,,,,2,SEAL QuAAtro analysis system + Skalar AutoAnalyser system,0.22,SEAL QuAAtro analysis system + Skalar AutoAnalyser system,,,,,,,,,,,,,,,,,Expected 2024-12-31,CTD,,,1.66,SEAL QuAAtro analysis system + Skalar AutoAnalyser system,,,,,,,,
EMOBON 221027 BPNS Wa 200 R2,EMOBON_BPNS_Wa_177,,HPLC,,CTD broke,,CTD broke,,CTD broke,,CTD broke,,,,,,,,,,,CTD broke,,CTD broke,,,,,,,,,,CTD broke,,,,,2,SEAL QuAAtro analysis system + Skalar AutoAnalyser system,0.22,SEAL QuAAtro analysis system + Skalar AutoAnalyser system,,,,,,,,,,,,,,,,,Expected 2024-12-31,CTD,,,1.66,SEAL QuAAtro analysis system + Skalar AutoAnalyser system,,,,,,,,
EMOBON 221027 BPNS Wa 200 R3,EMOBON_BPNS_Wa_178,,HPLC,,CTD broke,,CTD broke,,CTD broke,,CTD broke,,,,,,,,,,,CTD broke,,CTD broke,,,,,,,,,,CTD broke,,,,,2,SEAL QuAAtro analysis system + Skalar AutoAnalyser system,0.22,SEAL QuAAtro analysis system + Skalar AutoAnalyser system,,,,,,,,,,,,,,,,,Expected 2024-12-31,CTD,,,1.66,SEAL QuAAtro analysis system + Skalar AutoAnalyser system,,,,,,,,
EMOBON 221027 BPNS Wa 200 R4,EMOBON_BPNS_Wa_179,,HPLC,,CTD broke,,CTD broke,,CTD broke,,CTD broke,,,,,,,,,,,CTD broke,,CTD broke,,,,,,,,,,CTD broke,,,,,2,SEAL QuAAtro analysis system + Skalar AutoAnalyser system,0.22,SEAL QuAAtro analysis system + Skalar AutoAnalyser system,,,,,,,,,,,,,,,,,Expected 2024-12-31,CTD,,,1.66,SEAL QuAAtro analysis system + Skalar AutoAnalyser system,,,,,,,,
EMOBON 221027 BPNS Wa 200 Blank,EMOBON_BPNS_Wa_180,,,,,,,,,,,,,,,,,,,,,,,,,,,,,,,,,,,,,,,,,,,,,,,,,,,,,,,,,,,,,,,,,,,,,,,
EMOBON 221212 BPNS Wa 3 R1,EMOBON_BPNS_Wa_181,1.212,HPLC,9.135,CTD,8.972,CTD,32.018,CTD,29.308,CTD,,,,,,,,,,36.356615,CTD,1.026329,CTD,,,,,,,,,9.149678,CTD,,,,,11.39,SEAL QuAAtro analysis system + Skalar AutoAnalyser system,0.54,SEAL QuAAtro analysis system + Skalar AutoAnalyser system,,,,,,,,,,,,,,,,,0.99777942265,CTD,,,8.32,SEAL QuAAtro analysis system + Skalar AutoAnalyser system,,,,,,,,
EMOBON 221212 BPNS Wa 3 R2,EMOBON_BPNS_Wa_182,1.212,HPLC,9.135,CTD,8.972,CTD,32.018,CTD,29.308,CTD,,,,,,,,,,36.356615,CTD,1.026329,CTD,,,,,,,,,9.149678,CTD,,,,,11.39,SEAL QuAAtro analysis system + Skalar AutoAnalyser system,0.54,SEAL QuAAtro analysis system + Skalar AutoAnalyser system,,,,,,,,,,,,,,,,,0.99777942265,CTD,,,8.32,SEAL QuAAtro analysis system + Skalar AutoAnalyser system,,,,,,,,
EMOBON 221212 BPNS Wa 3 R3,EMOBON_BPNS_Wa_183,1.212,HPLC,9.135,CTD,8.972,CTD,32.018,CTD,29.308,CTD,,,,,,,,,,36.356615,CTD,1.026329,CTD,,,,,,,,,9.149678,CTD,,,,,11.39,SEAL QuAAtro analysis system + Skalar AutoAnalyser system,0.54,SEAL QuAAtro analysis system + Skalar AutoAnalyser system,,,,,,,,,,,,,,,,,0.99777942265,CTD,,,8.32,SEAL QuAAtro analysis system + Skalar AutoAnalyser system,,,,,,,,
EMOBON 221212 BPNS Wa 3 R4,EMOBON_BPNS_Wa_184,1.212,HPLC,9.135,CTD,8.972,CTD,32.018,CTD,29.308,CTD,,,,,,,,,,36.356615,CTD,1.026329,CTD,,,,,,,,,9.149678,CTD,,,,,11.39,SEAL QuAAtro analysis system + Skalar AutoAnalyser system,0.54,SEAL QuAAtro analysis system + Skalar AutoAnalyser system,,,,,,,,,,,,,,,,,0.99777942265,CTD,,,8.32,SEAL QuAAtro analysis system + Skalar AutoAnalyser system,,,,,,,,
EMOBON 221212 BPNS Wa 3 Blank,EMOBON_BPNS_Wa_185,,,,,,,,,,,,,,,,,,,,,,,,,,,,,,,,,,,,,,,,,,,,,,,,,,,,,,,,,,,,,,,,,,,,,,,
EMOBON 221212 BPNS Wa 0.2 R1,EMOBON_BPNS_Wa_186,1.212,HPLC,9.135,CTD,8.972,CTD,32.018,CTD,29.308,CTD,,,,,,,,,,36.356615,CTD,1.026329,CTD,,,,,,,,,9.149678,CTD,,,,,11.39,SEAL QuAAtro analysis system + Skalar AutoAnalyser system,0.54,SEAL QuAAtro analysis system + Skalar AutoAnalyser system,,,,,,,,,,,,,,,,,0.99777942265,CTD,,,8.32,SEAL QuAAtro analysis system + Skalar AutoAnalyser system,,,,,,,,
EMOBON 221212 BPNS Wa 0.2 R2,EMOBON_BPNS_Wa_187,1.212,HPLC,9.135,CTD,8.972,CTD,32.018,CTD,29.308,CTD,,,,,,,,,,36.356615,CTD,1.026329,CTD,,,,,,,,,9.149678,CTD,,,,,11.39,SEAL QuAAtro analysis system + Skalar AutoAnalyser system,0.54,SEAL QuAAtro analysis system + Skalar AutoAnalyser system,,,,,,,,,,,,,,,,,0.99777942265,CTD,,,8.32,SEAL QuAAtro analysis system + Skalar AutoAnalyser system,,,,,,,,
EMOBON 221212 BPNS Wa 0.2 R3,EMOBON_BPNS_Wa_188,1.212,HPLC,9.135,CTD,8.972,CTD,32.018,CTD,29.308,CTD,,,,,,,,,,36.356615,CTD,1.026329,CTD,,,,,,,,,9.149678,CTD,,,,,11.39,SEAL QuAAtro analysis system + Skalar AutoAnalyser system,0.54,SEAL QuAAtro analysis system + Skalar AutoAnalyser system,,,,,,,,,,,,,,,,,0.99777942265,CTD,,,8.32,SEAL QuAAtro analysis system + Skalar AutoAnalyser system,,,,,,,,
EMOBON 221212 BPNS Wa 0.2 R4,EMOBON_BPNS_Wa_189,1.212,HPLC,9.135,CTD,8.972,CTD,32.018,CTD,29.308,CTD,,,,,,,,,,36.356615,CTD,1.026329,CTD,,,,,,,,,9.149678,CTD,,,,,11.39,SEAL QuAAtro analysis system + Skalar AutoAnalyser system,0.54,SEAL QuAAtro analysis system + Skalar AutoAnalyser system,,,,,,,,,,,,,,,,,0.99777942265,CTD,,,8.32,SEAL QuAAtro analysis system + Skalar AutoAnalyser system,,,,,,,,
EMOBON 221212 BPNS Wa 0.2 Blank,EMOBON_BPNS_Wa_190,,,,,,,,,,,,,,,,,,,,,,,,,,,,,,,,,,,,,,,,,,,,,,,,,,,,,,,,,,,,,,,,,,,,,,,
EMOBON 221212 BPNS Wa 20 R1,EMOBON_BPNS_Wa_191,1.212,HPLC,9.135,CTD,8.972,CTD,32.018,CTD,29.308,CTD,,,,,,,,,,36.356615,CTD,1.026329,CTD,,,,,,,,,9.149678,CTD,,,,,11.39,SEAL QuAAtro analysis system + Skalar AutoAnalyser system,0.54,SEAL QuAAtro analysis system + Skalar AutoAnalyser system,,,,,,,,,,,,,,,,,0.99777942265,CTD,,,8.32,SEAL QuAAtro analysis system + Skalar AutoAnalyser system,,,,,,,,
EMOBON 221212 BPNS Wa 20 R2,EMOBON_BPNS_Wa_192,1.212,HPLC,9.135,CTD,8.972,CTD,32.018,CTD,29.308,CTD,,,,,,,,,,36.356615,CTD,1.026329,CTD,,,,,,,,,9.149678,CTD,,,,,11.39,SEAL QuAAtro analysis system + Skalar AutoAnalyser system,0.54,SEAL QuAAtro analysis system + Skalar AutoAnalyser system,,,,,,,,,,,,,,,,,0.99777942265,CTD,,,8.32,SEAL QuAAtro analysis system + Skalar AutoAnalyser system,,,,,,,,
EMOBON 221212 BPNS Wa 20 R3,EMOBON_BPNS_Wa_193,1.212,HPLC,9.135,CTD,8.972,CTD,32.018,CTD,29.308,CTD,,,,,,,,,,36.356615,CTD,1.026329,CTD,,,,,,,,,9.149678,CTD,,,,,11.39,SEAL QuAAtro analysis system + Skalar AutoAnalyser system,0.54,SEAL QuAAtro analysis system + Skalar AutoAnalyser system,,,,,,,,,,,,,,,,,0.99777942265,CTD,,,8.32,SEAL QuAAtro analysis system + Skalar AutoAnalyser system,,,,,,,,
EMOBON 221212 BPNS Wa 20 R4,EMOBON_BPNS_Wa_194,1.212,HPLC,9.135,CTD,8.972,CTD,32.018,CTD,29.308,CTD,,,,,,,,,,36.356615,CTD,1.026329,CTD,,,,,,,,,9.149678,CTD,,,,,11.39,SEAL QuAAtro analysis system + Skalar AutoAnalyser system,0.54,SEAL QuAAtro analysis system + Skalar AutoAnalyser system,,,,,,,,,,,,,,,,,0.99777942265,CTD,,,8.32,SEAL QuAAtro analysis system + Skalar AutoAnalyser system,,,,,,,,
EMOBON 221212 BPNS Wa 20 Blank,EMOBON_BPNS_Wa_195,,,,,,,,,,,,,,,,,,,,,,,,,,,,,,,,,,,,,,,,,,,,,,,,,,,,,,,,,,,,,,,,,,,,,,,
EMOBON 221212 BPNS Wa 200 R1,EMOBON_BPNS_Wa_196,1.212,HPLC,9.135,CTD,8.972,CTD,32.018,CTD,29.308,CTD,,,,,,,,,,36.356615,CTD,1.026329,CTD,,,,,,,,,9.149678,CTD,,,,,11.39,SEAL QuAAtro analysis system + Skalar AutoAnalyser system,0.54,SEAL QuAAtro analysis system + Skalar AutoAnalyser system,,,,,,,,,,,,,,,,,0.99777942265,CTD,,,8.32,SEAL QuAAtro analysis system + Skalar AutoAnalyser system,,,,,,,,
EMOBON 221212 BPNS Wa 200 R2,EMOBON_BPNS_Wa_197,1.212,HPLC,9.135,CTD,8.972,CTD,32.018,CTD,29.308,CTD,,,,,,,,,,36.356615,CTD,1.026329,CTD,,,,,,,,,9.149678,CTD,,,,,11.39,SEAL QuAAtro analysis system + Skalar AutoAnalyser system,0.54,SEAL QuAAtro analysis system + Skalar AutoAnalyser system,,,,,,,,,,,,,,,,,0.99777942265,CTD,,,8.32,SEAL QuAAtro analysis system + Skalar AutoAnalyser system,,,,,,,,
EMOBON 221212 BPNS Wa 200 R3,EMOBON_BPNS_Wa_198,1.212,HPLC,9.135,CTD,8.972,CTD,32.018,CTD,29.308,CTD,,,,,,,,,,36.356615,CTD,1.026329,CTD,,,,,,,,,9.149678,CTD,,,,,11.39,SEAL QuAAtro analysis system + Skalar AutoAnalyser system,0.54,SEAL QuAAtro analysis system + Skalar AutoAnalyser system,,,,,,,,,,,,,,,,,0.99777942265,CTD,,,8.32,SEAL QuAAtro analysis system + Skalar AutoAnalyser system,,,,,,,,
EMOBON 221212 BPNS Wa 200 R4,EMOBON_BPNS_Wa_199,1.212,HPLC,9.135,CTD,8.972,CTD,32.018,CTD,29.308,CTD,,,,,,,,,,36.356615,CTD,1.026329,CTD,,,,,,,,,9.149678,CTD,,,,,11.39,SEAL QuAAtro analysis system + Skalar AutoAnalyser system,0.54,SEAL QuAAtro analysis system + Skalar AutoAnalyser system,,,,,,,,,,,,,,,,,0.99777942265,CTD,,,8.32,SEAL QuAAtro analysis system + Skalar AutoAnalyser system,,,,,,,,
EMOBON 221212 BPNS Wa 200 Blank,EMOBON_BPNS_Wa_200,,,,,,,,,,,,,,,,,,,,,,,,,,,,,,,,,,,,,,,,,,,,,,,,,,,,,,,,,,,,,,,,,,,,,,,
